Year,Disaster type,Country of origin,Total deaths,Total affected
2001,Extreme temperature,Afghanistan,150,100000
2001,Earthquake,Afghanistan,4,270
2001,Extreme temperature,Afghanistan,177,100000
2002,Earthquake,Afghanistan,150,3513
2002,Earthquake,Afghanistan,1000,91228
2002,Earthquake,Afghanistan,50,6150
2002,Flood,Afghanistan,39,4225
2002,Flood,Afghanistan,7,1200
2002,Landslide,Afghanistan,5,400
2003,Flood,Afghanistan,11,2000
2003,Flood,Afghanistan,24,3
2003,Earthquake,Afghanistan,1,1001
2003,Flood,Afghanistan,13,100
2003,Flood,Afghanistan,30,1000
2003,Flood,Afghanistan,33,250
2004,Flood,Afghanistan,16,2000
2004,Earthquake,Afghanistan,2,1040
2005,Flood,Afghanistan,3,1500
2005,Flood,Afghanistan,200,11003
2005,Earthquake,Afghanistan,5,501
2005,Flood,Afghanistan,20,500
2005,Flood,Afghanistan,48,5040
2006,Earthquake,Afghanistan,1,935
2006,Flood,Afghanistan,19,5025
2006,Flood,Afghanistan,12,20
2006,Flood,Afghanistan,166,17580
2006,Flood,Afghanistan,21,615
2006,Flood,Afghanistan,54,8000
2007,Flood,Afghanistan,104,20000
2006,Landslide,Afghanistan,13,300000
2007,Flood,Afghanistan,23,2950
2007,Flood,Afghanistan,9,2500
2007,Flood,Afghanistan,1,160
2007,Flood,Afghanistan,10,645
2007,Flood,Afghanistan,113,4000
2008,Extreme temperature,Afghanistan,1317,170684
2009,Flood,Afghanistan,19,2500
2009,Flood,Afghanistan,39,60016
2009,Earthquake,Afghanistan,22,3309
2009,Landslide,Afghanistan,10,32
2010,Earthquake,Afghanistan,11,1070
2010,Flood,Afghanistan,65,5000
2010,Flood,Afghanistan,70,40000
2010,Landslide,Afghanistan,169,130
2011,Flood,Afghanistan,25,3065
2011,Storm,Afghanistan,21,5
2011,Flood,Afghanistan,37,9745
2012,Earthquake,Afghanistan,73,237
2012,Flood,Afghanistan,35,4300
2012,Flood,Afghanistan,74,27769
2012,Flood,Afghanistan,20,5700
2012,Landslide,Afghanistan,29,40
2012,Landslide,Afghanistan,37,6
2012,Extreme temperature,Afghanistan,45,68
2013,Flood,Afghanistan,10,5000
2013,Earthquake,Afghanistan,18,3531
2013,Flood,Afghanistan,20,9500
2013,Flood,Afghanistan,52,2597
2013,Landslide,Afghanistan,24,1000
2014,Flood,Afghanistan,81,10035
2014,Flood,Afghanistan,431,140100
2015,Landslide,Afghanistan,254,33057
2015,Landslide,Afghanistan,52,500
2015,Earthquake,Afghanistan,115,92725
2015,Flood,Afghanistan,7,3010
2015,Landslide,Afghanistan,12,50
2015,Landslide,Afghanistan,6,100
2017,Storm,Afghanistan,36,9055
2017,Landslide,Afghanistan,50,363
2019,Flood,Afghanistan,24,561
2020,Storm,Afghanistan,13,7481
2020,Flood,Afghanistan,56,18031
2020,Flood,Afghanistan,4,5500
2020,Flood,Afghanistan,16,100
2020,Flood,Afghanistan,212,20445
2020,Landslide,Afghanistan,22,260
2021,Flood,Afghanistan,116,30833
2021,Flood,Afghanistan,260,4200
2001,Flood,Algeria,921,45423
2002,Flood,Algeria,29,2301
2002,Flood,Algeria,13,4
2003,Earthquake,Algeria,2266,210261
2003,Earthquake,Algeria,9,200
2003,Flood,Algeria,15,50
2004,Flood,Algeria,3,27545
2005,Flood,Algeria,11,70
2006,Earthquake,Algeria,4,319
2006,Flood,Algeria,1,60000
2007,Flood,Algeria,1,102
2007,Flood,Algeria,14,1203
2008,Flood,Algeria,93,59050
2009,Flood,Algeria,33,2548
2011,Flood,Algeria,10,793
2012,Flood,Algeria,49,45
2012,Flood,Algeria,20,56
2014,Earthquake,Algeria,6,420
2018,Flood,Algeria,6,200
2019,Extreme temperature,Algeria,8,125025
2021,Flood,Algeria,10,2500
2001,Storm,Bangladesh,12,25450
2001,Flood,Bangladesh,9,500000
2001,Storm,Bangladesh,12,200
2001,Storm,Bangladesh,193,2500
2001,Extreme temperature,Bangladesh,6,2000
2002,Flood,Bangladesh,10,1500000
2002,Storm,Bangladesh,31,100400
2002,Extreme temperature,Bangladesh,700,50000
2003,Earthquake,Bangladesh,2,2525
2004,Storm,Bangladesh,76,13000
2004,Storm,Bangladesh,10,4050
2005,Storm,Bangladesh,79,11500
2003,Storm,Bangladesh,23,400
2003,Flood,Bangladesh,65,500000
2003,Flood,Bangladesh,187,50000
2003,Extreme temperature,Bangladesh,153,200
2004,Flood,Bangladesh,730,36000000
2004,Flood,Bangladesh,20,600000
2004,Flood,Bangladesh,11,271700
2005,Flood,Bangladesh,13,50000
2005,Storm,Bangladesh,24,10500
2005,Flood,Bangladesh,19,100000
2005,Flood,Bangladesh,23,1000000
2005,Extreme temperature,Bangladesh,100,1000
2006,Storm,Bangladesh,115,9135
2006,Storm,Bangladesh,22,1500
2006,Storm,Bangladesh,4,5899
2006,Storm,Bangladesh,9,1465
2007,Flood,Bangladesh,120,80060
2007,Extreme temperature,Bangladesh,130,100000
2007,Flood,Bangladesh,1110,13771380
2007,Storm,Bangladesh,4234,8978541
2007,Storm,Bangladesh,41,225
2008,Flood,Bangladesh,16,20002
2008,Storm,Bangladesh,15,200
2008,Flood,Bangladesh,12,615638
2008,Landslide,Bangladesh,13,50
2008,Storm,Bangladesh,12,200
2009,Storm,Bangladesh,190,3935341
2009,Storm,Bangladesh,7,19209
2009,Flood,Bangladesh,6,500000
2009,Extreme temperature,Bangladesh,135,50000
2010,Storm,Bangladesh,15,50
2010,Flood,Bangladesh,15,500000
2010,Landslide,Bangladesh,66,55230
2010,Storm,Bangladesh,8,247110
2010,Storm,Bangladesh,3,10000
2011,Flood,Bangladesh,10,1570559
2011,Extreme temperature,Bangladesh,50,100000
2011,Storm,Bangladesh,13,121
2011,Extreme temperature,Bangladesh,12,2000
2012,Flood,Bangladesh,139,5148475
2012,Storm,Bangladesh,25,55121
2012,Storm,Bangladesh,108,129558
2012,Extreme temperature,Bangladesh,72,75000
2013,Storm,Bangladesh,2,25020
2013,Storm,Bangladesh,31,8543
2013,Storm,Bangladesh,17,1498644
2014,Flood,Bangladesh,59,2800447
2014,Storm,Bangladesh,16,4012
2014,Storm,Bangladesh,4,1250
2015,Storm,Bangladesh,53,20200
2015,Flood,Bangladesh,20,1401901
2015,Flood,Bangladesh,11,10000
2015,Storm,Bangladesh,45,2600000
2015,Storm,Bangladesh,6,40050
2015,Earthquake,Bangladesh,4,200
2015,Landslide,Bangladesh,7,1003
2016,Storm,Bangladesh,28,1203555
2016,Earthquake,Bangladesh,5,70
2016,Flood,Bangladesh,106,1900000
2017,Landslide,Bangladesh,160,80187
2017,Storm,Bangladesh,7,3300012
2019,Landslide,Bangladesh,2,18016
2019,Storm,Bangladesh,39,10045
2019,Storm,Bangladesh,40,251506
2019,Extreme temperature,Bangladesh,50,4500
2020,Storm,Bangladesh,26,2600000
2021,Storm,Bangladesh,3,1300000
2001,Storm,China,49,2574871
2001,Earthquake,China,3,300109
2001,Earthquake,China,2,150190
2001,Storm,China,6,50245
2001,Earthquake,China,2,10605
2002,Storm,China,25,200
2002,Storm,China,27,220110
2001,Flood,China,27,250000
2001,Landslide,China,34,308
2001,Earthquake,China,1,17220
2001,Flood,China,29,1760000
2001,Flood,China,35,2702
2001,Flood,China,46,17
2001,Flood,China,66,3110
2001,Flood,China,166,300000
2001,Landslide,China,19,10307
2001,Landslide,China,11,1000
2001,Landslide,China,14,10018
2001,Storm,China,125,3108000
2001,Storm,China,33,14998298
2002,Flood,China,793,80035257
2002,Flood,China,178,999311
2002,Earthquake,China,2,65500
2002,Flood,China,61,15
2002,Flood,China,11,12312
2002,Flood,China,16,5250000
2002,Landslide,China,15,11
2002,Storm,China,25,180000
2002,Extreme temperature,China,7,3500
2003,Earthquake,China,268,517000
2003,Storm,China,1,90100
2003,Earthquake,China,16,1295584
2003,Flood,China,38,4370986
2003,Flood,China,430,150146000
2003,Flood,China,123,200000
2003,Flood,China,30,1200000
2003,Storm,China,2,200162
2003,Earthquake,China,1,8003
2003,Earthquake,China,4,455500
2003,Earthquake,China,3,60056
2003,Earthquake,China,9,275043
2003,Earthquake,China,1,23369
2003,Earthquake,China,4,493065
2003,Earthquake,China,11,6018
2003,Flood,China,13,8000
2003,Storm,China,20,7400020
2003,Storm,China,38,69925
2004,Flood,China,47,168500
2004,Flood,China,222,8253000
2004,Storm,China,7,907
2004,Flood,China,133,33652026
2004,Storm,China,2,41357
2004,Storm,China,6,562
2004,Earthquake,China,4,120600
2004,Mass movement (dry),China,44,353
2004,Flood,China,3,740
2004,Flood,China,5,90000
2004,Landslide,China,21,100
2004,Storm,China,188,9062000
2005,Storm,China,10,1240000
2005,Storm,China,25,1350008
2005,Storm,China,159,19624000
2005,Storm,China,95,2460000
2005,Flood,China,58,11230230
2005,Flood,China,235,16700000
2005,Flood,China,28,14500
2005,Flood,China,19,650000
2005,Flood,China,16,23
2005,Storm,China,9,214
2005,Storm,China,25,5719000
2005,Storm,China,9,1013000
2005,Storm,China,15,37
2005,Earthquake,China,16,615500
2005,Flood,China,117,425
2005,Flood,China,8,8842
2005,Flood,China,52,188046
2005,Flood,China,20,4610000
2005,Flood,China,20,80000
2005,Flood,China,5,1270000
2006,Flood,China,30,4120000
2006,Storm,China,23,3150000
2006,Storm,China,109,6531000
2006,Flood,China,42,10009
2006,Storm,China,820,29622000
2006,Earthquake,China,1,45551
2006,Flood,China,21,4600024
2006,Flood,China,29,2375016
2006,Flood,China,20,2416
2006,Flood,China,27,20004
2006,Flood,China,16,7000
2006,Storm,China,89,10000000
2006,Flood,China,57,356000
2006,Storm,China,17,6458
2006,Flood,China,50,12000
2006,Flood,China,21,10461
2006,Drought,China,134,18000000
2006,Storm,China,441,5923350
2006,Earthquake,China,22,265106
2006,Mass movement (dry),China,11,5
2006,Flood,China,22,36900
2006,Flood,China,3,350035
2006,Flood,China,2,1410000
2006,Flood,China,23,5000
2006,Flood,China,6,270000
2006,Flood,China,10,1400000
2006,Flood,China,1,1200
2006,Storm,China,1,12
2007,Flood,China,83,112742
2007,Flood,China,43,2300050
2007,Flood,China,535,105004000
2007,Flood,China,170,386000
2007,Flood,China,29,350000
2007,Flood,China,96,30000
2007,Flood,China,17,213000
2007,Storm,China,21,4314
2007,Storm,China,39,8000000
2007,Landslide,China,33,1
2007,Storm,China,13,840
2007,Earthquake,China,3,329
2007,Flood,China,26,2430000
2007,Flood,China,11,17500
2008,Storm,China,25,274000
2008,Earthquake,China,87476,45976596
2008,Flood,China,64,538166
2008,Flood,China,176,1600000
2008,Flood,China,67,411000
2008,Storm,China,4,900000
2008,Extreme temperature,China,129,77000000
2008,Storm,China,14,340000
2008,Storm,China,1,93006
2008,Storm,China,10,100
2008,Earthquake,China,4,13529
2008,Earthquake,China,6,160
2008,Earthquake,China,40,1000589
2008,Earthquake,China,30,754
2008,Earthquake,China,8,351000
2008,Flood,China,3,780000
2008,Flood,China,20,810000
2008,Flood,China,3,50000
2008,Flood,China,19,3000000
2008,Landslide,China,277,35
2009,Storm,China,15,48631
2009,Storm,China,52,215
2009,Flood,China,49,5630000
2009,Flood,China,11,106000
2009,Storm,China,11,50000
2009,Storm,China,8,11000004
2009,Flood,China,90,39372000
2009,Flood,China,12,118000
2009,Flood,China,20,38
2009,Storm,China,13,1000058
2009,Storm,China,17,3
2009,Storm,China,41,10000096
2009,Earthquake,China,1,65336
2009,Landslide,China,54,10004
2009,Landslide,China,31,18
2010,Storm,China,29,70190
2010,Storm,China,75,1000000
2010,Storm,China,30,1881100
2010,Earthquake,China,8,9
2010,Flood,China,1691,134000000
2010,Earthquake,China,1,10515
2010,Earthquake,China,2968,112000
2010,Flood,China,152,6000000
2010,Flood,China,5,64136
2010,Flood,China,4,130000
2010,Landslide,China,52,2100000
2010,Landslide,China,1765,47200
2010,Landslide,China,32,500
2010,Landslide,China,28,135
2010,Storm,China,3,186000
2010,Wildfire,China,22,3
2011,Flood,China,6,1600000
2011,Flood,China,467,67900000
2011,Storm,China,18,22000150
2011,Earthquake,China,25,5440
2011,Flood,China,16,60000
2011,Landslide,China,18,2
2011,Extreme temperature,China,2,4033472
2011,Flood,China,117,20000000
2011,Storm,China,3,1000000
2011,Earthquake,China,7,5136
2011,Flood,China,22,3800000
2012,Storm,China,34,232170
2012,Flood,China,91,17440000
2012,Flood,China,132,13119000
2012,Storm,China,8,58500
2012,Storm,China,15,3790000
2012,Storm,China,12,127000
2012,Earthquake,China,4,34234
2012,Earthquake,China,81,744821
2012,Earthquake,China,1,2610
2012,Flood,China,53,185000
2012,Flood,China,151,1000000
2012,Flood,China,58,140000
2012,Flood,China,16,125000
2012,Flood,China,70,500000
2012,Flood,China,15,210000
2012,Storm,China,3,6000007
2012,Storm,China,2,107500
2012,Storm,China,1,126000
2013,Flood,China,55,300000
2013,Storm,China,25,1398324
2013,Storm,China,11,50000
2013,Storm,China,8,475000
2013,Flood,China,11,280500
2013,Earthquake,China,95,123887
2013,Earthquake,China,3,538050
2013,Flood,China,55,625000
2013,Flood,China,118,1075000
2013,Storm,China,3,25000
2013,Storm,China,88,8000000
2013,Flood,China,12,200000
2013,Flood,China,15,10000
2013,Storm,China,12,217000
2013,Storm,China,2,13500
2013,Earthquake,China,198,2198785
2013,Mass movement (dry),China,46,2
2013,Flood,China,20,255000
2013,Flood,China,12,100000
2013,Flood,China,233,3500000
2013,Flood,China,36,718500
2013,Flood,China,10,125000
2013,Flood,China,43,255000
2013,Flood,China,17,150030
2013,Landslide,China,11,2
2013,Storm,China,9,390150
2013,Storm,China,7,21000
2013,Storm,China,1,3000
2013,Storm,China,20,506000
2013,Storm,China,5,51800
2014,Storm,China,27,136255
2014,Storm,China,71,9960099
2014,Storm,China,21,400000
2014,Storm,China,9,25000
2014,Storm,China,11,25000
2014,Storm,China,5,50000
2014,Flood,China,66,110500
2014,Earthquake,China,731,1120513
2014,Flood,China,27,150000
2014,Flood,China,23,25000
2014,Flood,China,50,1065000
2014,Flood,China,24,61000
2014,Flood,China,10,50000
2014,Storm,China,10,100090
2014,Storm,China,9,394000
2014,Storm,China,3,100000
2014,Storm,China,1,10000
2014,Earthquake,China,1,255324
2014,Earthquake,China,5,82355
2014,Earthquake,China,1,2022
2014,Flood,China,37,5500000
2014,Flood,China,33,720000
2014,Flood,China,24,15000000
2014,Flood,China,65,300000
2014,Flood,China,37,450000
2014,Landslide,China,25,407
2015,Flood,China,16,60000
2015,Storm,China,7,79800
2015,Storm,China,2,10000
2015,Storm,China,34,5148
2015,Flood,China,58,82021
2015,Storm,China,1,25000
2015,Storm,China,6,12000
2015,Storm,China,18,1580000
2015,Storm,China,6,110000
2015,Storm,China,4,3000
2015,Storm,China,7,2537
2015,Storm,China,14,15600
2015,Earthquake,China,29,207883
2015,Earthquake,China,3,9263
2015,Flood,China,9,60000
2015,Flood,China,35,144900
2015,Flood,China,38,639000
2015,Landslide,China,38,300
2015,Storm,China,20,78300
2016,Flood,China,5,219300
2016,Flood,China,20,48000
2016,Storm,China,12,150000
2016,Storm,China,69,24900
2016,Landslide,China,66,237600
2016,Storm,China,102,46000
2016,Flood,China,11,3000
2016,Flood,China,12,44100
2016,Landslide,China,22,7
2016,Storm,China,99,45846
2016,Industrial accident,China,18,4
2016,Storm,China,35,36000
2016,Storm,China,23,14400
2016,Earthquake,China,1,37200
2016,Earthquake,China,2,5000
2017,Storm,China,19,14400
2017,Flood,China,1,2700
2017,Earthquake,China,29,218325
2017,Flood,China,1,28500
2017,Storm,China,36,174300
2017,Storm,China,8,22273
2017,Storm,China,9,6000
2017,Storm,China,7,41133
2017,Earthquake,China,8,4583
2017,Landslide,China,25,4
2017,Landslide,China,35,758
2017,Landslide,China,83,400
2017,Storm,China,12,300
2018,Storm,China,2,7500
2018,Storm,China,2,300
2018,Storm,China,3,2400
2018,Storm,China,53,39600
2018,Storm,China,14,177000
2018,Storm,China,21,2503700
2018,Storm,China,14,16200
2018,Storm,China,1,18000
2019,Storm,China,6,45120
2019,Earthquake,China,2,32772
2019,Earthquake,China,13,244220
2019,Storm,China,72,108000
2019,Earthquake,China,1,15582
2019,Flood,China,13,15861
2019,Landslide,China,51,40
2019,Landslide,China,38,6606
2020,Landslide,China,4,20000
2020,Earthquake,China,4,3324
2020,Wildfire,China,19,1200
2020,Transport accident,China,1,127
2021,Storm,China,11,13666
2021,Storm,China,5,459
2021,Storm,China,12,80301
2021,Storm,China,1,5600
2021,Storm,China,21,8
2021,Earthquake,China,3,195
2021,Earthquake,China,3,39028
2021,Earthquake,China,3,24395
2021,Flood,China,18,1760000
2021,Storm,China,5,72000
2001,Earthquake,Guatemala,6,152
2001,Drought,Guatemala,41,113596
2001,Storm,Guatemala,8,6446
2002,Storm,Guatemala,2,1500
2002,Landslide,Guatemala,68,474
2003,Landslide,Guatemala,22,220
2005,Storm,Guatemala,1513,475314
2005,Landslide,Guatemala,63,1535
2005,Landslide,Guatemala,7,1000
2007,Flood,Guatemala,11,656
2008,Flood,Guatemala,27,17300
2008,Flood,Guatemala,3,180000
2009,Mass movement (dry),Guatemala,36,3028
2010,Storm,Guatemala,174,397962
2010,Landslide,Guatemala,53,50696
2011,Flood,Guatemala,11,6075
2011,Flood,Guatemala,43,528753
2011,Earthquake,Guatemala,3,400
2012,Earthquake,Guatemala,44,1321742
2013,Earthquake,Guatemala,1,572
2014,Storm,Guatemala,5,100000
2014,Earthquake,Guatemala,1,94783
2015,Flood,Guatemala,2,56845
2015,Landslide,Guatemala,350,1112
2016,Landslide,Guatemala,10,46
2017,Storm,Guatemala,8,413
2017,Flood,Guatemala,1,160
2018,Volcanic activity,Guatemala,461,1714414
2018,Flood,Guatemala,2,76845
2019,Storm,Guatemala,2,15000
2019,Storm,Guatemala,2,63453
2020,Storm,Guatemala,160,2415888
2020,Storm,Guatemala,2,306886
2020,Storm,Guatemala,2,131298
2001,Flood,Haiti,26,5081
2002,Flood,Haiti,31,38339
2002,Storm,Haiti,4,250
2003,Flood,Haiti,38,150000
2003,Flood,Haiti,24,12070
2004,Storm,Haiti,2754,315594
2004,Storm,Haiti,3,6500
2004,Flood,Haiti,2665,31283
2005,Storm,Haiti,12,2192
2005,Storm,Haiti,40,15036
2005,Flood,Haiti,11,11500
2005,Storm,Haiti,6,750
2005,Storm,Haiti,1,10000
2006,Storm,Haiti,5,15000
2006,Flood,Haiti,11,20010
2007,Flood,Haiti,14,15014
2007,Flood,Haiti,2,12500
2007,Storm,Haiti,9,3966
2007,Storm,Haiti,90,108763
2007,Storm,Haiti,3,2352
2007,Flood,Haiti,4,1500
2007,Flood,Haiti,41,75947
2008,Storm,Haiti,85,73006
2008,Storm,Haiti,529,48000
2008,Storm,Haiti,74,125050
2008,Storm,Haiti,10,220
2009,Flood,Haiti,11,9910
2009,Flood,Haiti,10,2500
2010,Flood,Haiti,4,2
2010,Flood,Haiti,27,22085
2010,Storm,Haiti,6,73122
2010,Storm,Haiti,21,5020
2010,Earthquake,Haiti,222570,3700000
2011,Flood,Haiti,34,2358
2011,Storm,Haiti,2,1544
2011,Storm,Haiti,1,1500
2011,Flood,Haiti,2,2080
2012,Storm,Haiti,75,201850
2012,Flood,Haiti,9,11000
2012,Flood,Haiti,16,7600
2012,Flood,Haiti,17,7865
2012,Storm,Haiti,13,8007
2013,Flood,Haiti,6,33265
2014,Flood,Haiti,12,30000
2015,Storm,Haiti,5,1969
2015,Flood,Haiti,6,45000
2016,Flood,Haiti,5,48280
2016,Flood,Haiti,13,2782
2016,Storm,Haiti,546,2100439
2017,Storm,Haiti,1,40092
2018,Earthquake,Haiti,17,39336
2019,Flood,Haiti,6,1325
2021,Earthquake,Haiti,2575,702763
2021,Flood,Haiti,7,13380
2001,Earthquake,India,20005,6321812
2001,Flood,India,48,2800000
2001,Flood,India,5,700000
2001,Flood,India,100,9670000
2001,Flood,India,86,40000
2001,Storm,India,78,27000
2002,Earthquake,India,2,200
2002,Flood,India,549,42000000
2002,Flood,India,33,50
2002,Flood,India,100,3000
2002,Flood,India,22,5000
2002,Storm,India,9,5050
2003,Storm,India,30,485910
2003,Storm,India,5,140
2003,Storm,India,50,40000
2003,Flood,India,43,15
2003,Storm,India,45,4600
2003,Flood,India,150,30
2003,Flood,India,142,4550000
2003,Flood,India,13,14500
2003,Flood,India,67,3000000
2003,Transport accident,India,22,14
2003,Transport accident,India,20,6
2003,Transport accident,India,24,24
2004,Flood,India,160,100000
2004,Flood,India,45,1000
2004,Earthquake,India,16389,654512
2004,Flood,India,900,33000000
2004,Flood,India,210,100000
2005,Landslide,India,250,5000
2005,Flood,India,1200,20000055
2005,Earthquake,India,1309,156622
2005,Flood,India,27,800000
2005,Flood,India,14,12
2005,Flood,India,70,1908000
2005,Flood,India,23,2504
2005,Flood,India,6,5000
2005,Flood,India,126,100000
2005,Flood,India,89,550000
2005,Flood,India,239,405000
2005,Flood,India,62,49000
2005,Flood,India,12,10000
2005,Flood,India,19,2250000
2005,Flood,India,162,2000000
2005,Flood,India,30,200000
2005,Flood,India,10,2000
2005,Landslide,India,12,20
2006,Flood,India,19,15000
2006,Flood,India,350,4000065
2006,Storm,India,114,150300
2006,Flood,India,21,504000
2006,Flood,India,32,10800
2006,Flood,India,130,300000
2006,Flood,India,24,8400
2006,Flood,India,15,800
2006,Flood,India,135,20000
2006,Flood,India,42,100000
2006,Flood,India,47,225000
2006,Flood,India,185,2000000
2006,Flood,India,61,113
2007,Extreme temperature,India,66,25
2007,Flood,India,127,200000
2007,Flood,India,76,15000
2007,Flood,India,80,7200000
2007,Flood,India,15,200000
2007,Flood,India,225,63000
2007,Flood,India,62,10000
2007,Flood,India,29,50000
2007,Flood,India,1103,18700000
2007,Flood,India,94,20000
2007,Flood,India,29,50000
2007,Flood,India,15,500000
2007,Flood,India,96,11100000
2007,Flood,India,44,35000
2008,Flood,India,1063,7900000
2008,Flood,India,173,2400000
2008,Flood,India,47,2600000
2008,Storm,India,111,50
2008,Flood,India,54,803740
2008,Flood,India,142,225000
2009,Storm,India,96,5100000
2009,Storm,India,15,9050
2009,Extreme temperature,India,120,25
2009,Flood,India,70,8
2009,Storm,India,32,23
2009,Storm,India,35,12
2009,Flood,India,992,1886000
2009,Flood,India,355,4100000
2010,Flood,India,196,12725
2010,Flood,India,200,3267183
2010,Storm,India,12,2030
2010,Storm,India,54,50
2010,Storm,India,28,5000
2010,Flood,India,53,400000
2010,Flood,India,27,50000
2010,Storm,India,114,500000
2011,Storm,India,42,50
2011,Flood,India,47,700000
2011,Earthquake,India,112,575200
2011,Flood,India,239,3443989
2011,Flood,India,7,11000
2011,Flood,India,204,5549080
2011,Flood,India,19,200000
2011,Flood,India,42,2100000
2011,Storm,India,47,250000
2012,Storm,India,40,70000
2012,Flood,India,120,2200000
2012,Flood,India,30,1200
2012,Flood,India,45,200
2012,Flood,India,21,2000000
2012,Flood,India,26,9460
2012,Flood,India,37,37500
2013,Flood,India,6054,504473
2013,Earthquake,India,3,59350
2013,Flood,India,174,500000
2013,Flood,India,73,40000
2013,Flood,India,72,375000
2013,Storm,India,47,13230000
2013,Storm,India,8,4
2014,Storm,India,17,9610
2014,Storm,India,7,1928
2014,Flood,India,94,500000
2014,Flood,India,27,18500
2014,Flood,India,298,275000
2014,Flood,India,95,650000
2014,Storm,India,53,920000
2014,Storm,India,15,26
2014,Flood,India,35,179000
2014,Flood,India,47,3600000
2014,Landslide,India,151,200
2015,Flood,India,44,2122
2015,Flood,India,40,1000
2015,Flood,India,293,13709887
2015,Storm,India,100,125100
2015,Storm,India,1,10000
2015,Earthquake,India,78,560
2015,Flood,India,8,200
2015,Flood,India,81,9000
2015,Landslide,India,3,9000
2016,Earthquake,India,8,10808
2016,Flood,India,50,2000000
2016,Landslide,India,10,5
2016,Transport accident,India,25,11
2016,Miscellaneous accident,India,25,100
2017,Storm,India,884,60000
2017,Storm,India,23,12
2017,Storm,India,29,1250
2017,Storm,India,4,60020
2017,Flood,India,14,12
2017,Flood,India,21,4000
2017,Flood,India,75,1735000
2017,Landslide,India,46,100
2018,Flood,India,504,23220000
2018,Storm,India,85,300200
2018,Storm,India,42,200
2018,Storm,India,18,22050
2018,Storm,India,32,21000
2018,Storm,India,143,200
2018,Flood,India,15,11728
2018,Storm,India,45,500000
2018,Storm,India,8,10000
2019,Storm,India,50,20000000
2019,Extreme temperature,India,22,450
2019,Storm,India,12,130000
2020,Landslide,India,21,155850
2020,Storm,India,90,18000000
2020,Storm,India,6,7500
2021,Landslide,India,35,13
2021,Storm,India,19,1625000
2021,Earthquake,India,2,3010
2021,Flood,India,37,122
2021,Storm,India,198,700153
2021,Storm,India,7,179000
2021,Storm,India,5,2050
2001,Flood,Indonesia,130,80000
2001,Landslide,Indonesia,122,23000
2001,Flood,Indonesia,257,3694
2001,Flood,Indonesia,15,2000
2002,Earthquake,Indonesia,8,9082
2002,Flood,Indonesia,21,40
2002,Earthquake,Indonesia,3,60
2002,Flood,Indonesia,13,2000
2002,Flood,Indonesia,150,500750
2002,Flood,Indonesia,14,780
2002,Flood,Indonesia,13,87000
2002,Landslide,Indonesia,32,5
2003,Flood,Indonesia,3,10000
2003,Flood,Indonesia,1,15000
2003,Flood,Indonesia,3,33000
2003,Landslide,Indonesia,21,1760
2003,Landslide,Indonesia,10,20
2003,Flood,Indonesia,241,1498
2003,Flood,Indonesia,8,25000
2003,Flood,Indonesia,148,350000
2003,Landslide,Indonesia,76,229548
2003,Earthquake,Indonesia,1,247
2004,Storm,Indonesia,4,2400
2004,Earthquake,Indonesia,37,14072
2004,Earthquake,Indonesia,32,12833
2004,Earthquake,Indonesia,33,83381
2004,Earthquake,Indonesia,165708,532898
2004,Landslide,Indonesia,44,11
2004,Earthquake,Indonesia,1,30040
2004,Earthquake,Indonesia,5,507
2004,Volcanic activity,Indonesia,2,20005
2004,Flood,Indonesia,5,13000
2004,Landslide,Indonesia,33,5000
2004,Landslide,Indonesia,13,7
2005,Flood,Indonesia,47,768
2005,Earthquake,Indonesia,915,105313
2005,Earthquake,Indonesia,1,684
2005,Flood,Indonesia,28,12211
2005,Flood,Indonesia,79,7811
2005,Landslide,Indonesia,25,10
2006,Flood,Indonesia,236,618486
2006,Earthquake,Indonesia,8,1200
2006,Flood,Indonesia,39,17539
2006,Flood,Indonesia,236,29231
2006,Flood,Indonesia,52,18250
2006,Flood,Indonesia,19,10000
2006,Flood,Indonesia,22,402
2006,Earthquake,Indonesia,3,1202
2006,Earthquake,Indonesia,5778,3177923
2006,Earthquake,Indonesia,1,114
2006,Earthquake,Indonesia,802,35543
2006,Landslide,Indonesia,156,8313
2006,Landslide,Indonesia,11,3000
2006,Industrial accident,Indonesia,13,36000
2007,Flood,Indonesia,74,11556
2007,Landslide,Indonesia,32,3990
2007,Earthquake,Indonesia,67,137660
2007,Flood,Indonesia,68,217087
2007,Flood,Indonesia,58,5000
2007,Flood,Indonesia,88,3389
2007,Flood,Indonesia,127,269515
2007,Earthquake,Indonesia,25,459567
2007,Earthquake,Indonesia,3,21800
2007,Flood,Indonesia,4,60000
2007,Flood,Indonesia,15,2000
2008,Flood,Indonesia,11,3500
2008,Flood,Indonesia,33,84420
2008,Flood,Indonesia,3,12000
2008,Earthquake,Indonesia,3,25
2008,Earthquake,Indonesia,2,625
2008,Earthquake,Indonesia,6,10077
2008,Flood,Indonesia,14,7000
2008,Flood,Indonesia,3,89761
2008,Flood,Indonesia,3,40000
2008,Flood,Indonesia,16,118000
2008,Flood,Indonesia,5,11000
2008,Flood,Indonesia,24,15000
2009,Flood,Indonesia,18,12000
2009,Flood,Indonesia,64,1600
2009,Earthquake,Indonesia,5,4250
2009,Landslide,Indonesia,15,5
2009,Earthquake,Indonesia,1195,2501798
2009,Earthquake,Indonesia,128,339792
2009,Earthquake,Indonesia,2,1510
2009,Flood,Indonesia,38,10000
2009,Flood,Indonesia,6,704
2010,Volcanic activity,Indonesia,322,137140
2010,Earthquake,Indonesia,17,4600
2010,Flood,Indonesia,291,12428
2010,Flood,Indonesia,44,100
2010,Flood,Indonesia,21,15007
2010,Earthquake,Indonesia,530,11864
2010,Volcanic activity,Indonesia,1,15060
2010,Flood,Indonesia,10,355
2010,Flood,Indonesia,16,200
2010,Flood,Indonesia,5,28500
2010,Landslide,Indonesia,13,18
2011,Earthquake,Indonesia,1,95
2011,Flood,Indonesia,21,750
2011,Landslide,Indonesia,19,4
2011,Volcanic activity,Indonesia,3,2373
2011,Flood,Indonesia,18,3000
2011,Flood,Indonesia,10,54
2011,Flood,Indonesia,13,3000
2012,Storm,Indonesia,16,10060
2012,Flood,Indonesia,8,3770
2012,Flood,Indonesia,8,625
2012,Flood,Indonesia,3,10500
2012,Storm,Indonesia,5,490
2012,Earthquake,Indonesia,7,107
2012,Earthquake,Indonesia,6,7883
2012,Flood,Indonesia,4,1045
2012,Flood,Indonesia,13,15210
2012,Flood,Indonesia,5,1020
2012,Landslide,Indonesia,20,215
2013,Earthquake,Indonesia,48,55935
2013,Flood,Indonesia,17,58040
2013,Flood,Indonesia,12,8140
2013,Earthquake,Indonesia,1,515
2013,Earthquake,Indonesia,1,2738
2013,Flood,Indonesia,34,248846
2013,Flood,Indonesia,8,1000
2013,Flood,Indonesia,11,115000
2013,Flood,Indonesia,4,84250
2013,Flood,Indonesia,3,13860
2013,Landslide,Indonesia,21,3
2014,Flood,Indonesia,20,128182
2014,Flood,Indonesia,11,4000
2014,Volcanic activity,Indonesia,32,32002
2014,Volcanic activity,Indonesia,7,83158
2014,Flood,Indonesia,32,20000
2014,Flood,Indonesia,13,275
2014,Flood,Indonesia,1,10420
2014,Landslide,Indonesia,108,3900
2014,Industrial accident,Indonesia,13,2
2015,Flood,Indonesia,1,8259
2015,Flood,Indonesia,2,25000
2015,Landslide,Indonesia,20,105
2015,Landslide,Indonesia,12,55
2015,Wildfire,Indonesia,19,409664
2016,Flood,Indonesia,5,24000
2016,Earthquake,Indonesia,104,86018
2016,Flood,Indonesia,5,19669
2017,Storm,Indonesia,11,2035
2017,Flood,Indonesia,7,25011
2017,Flood,Indonesia,8,17410
2017,Landslide,Indonesia,12,50500
2017,Earthquake,Indonesia,4,8895
2017,Flood,Indonesia,12,359
2017,Flood,Indonesia,2,2280
2017,Flood,Indonesia,4,282420
2017,Landslide,Indonesia,28,177
2018,Earthquake,Indonesia,4140,2000000
2018,Flood,Indonesia,35,20000
2018,Earthquake,Indonesia,564,516927
2018,Landslide,Indonesia,15,50014
2018,Earthquake,Indonesia,1,13811
2018,Earthquake,Indonesia,14,102852
2018,Earthquake,Indonesia,10,779
2019,Earthquake,Indonesia,8,11804
2019,Landslide,Indonesia,84,6643
2019,Earthquake,Indonesia,9,1295
2019,Flood,Indonesia,206,59540
2019,Landslide,Indonesia,5,860
2019,Flood,Indonesia,66,501110
2019,Earthquake,Indonesia,6,2104
2019,Earthquake,Indonesia,31,247418
2019,Flood,Indonesia,14,5000
2020,Flood,Indonesia,4,100
2020,Flood,Indonesia,7,12003
2020,Flood,Indonesia,2,1852
2020,Flood,Indonesia,2,40000
2020,Flood,Indonesia,4,41837
2020,Landslide,Indonesia,11,170
2021,Earthquake,Indonesia,110,100653
2021,Landslide,Indonesia,13,1470
2021,Storm,Indonesia,226,509625
2021,Earthquake,Indonesia,9,5979
2021,Earthquake,Indonesia,3,4532
2021,Volcanic activity,Indonesia,71,10992
2021,Flood,Indonesia,9,1275
2021,Flood,Indonesia,3,10000
2021,Landslide,Indonesia,19,191
2001,Flood,Iran (Islamic Republic of),32,1300
2001,Flood,Iran (Islamic Republic of),412,1200200
2001,Flood,Iran (Islamic Republic of),32,1034
2002,Earthquake,Iran (Islamic Republic of),1,780
2002,Earthquake,Iran (Islamic Republic of),2,20056
2002,Earthquake,Iran (Islamic Republic of),227,111300
2002,Flood,Iran (Islamic Republic of),11,4500
2002,Flood,Iran (Islamic Republic of),39,200000
2003,Earthquake,Iran (Islamic Republic of),1,17525
2003,Earthquake,Iran (Islamic Republic of),26796,267628
2003,Landslide,Iran (Islamic Republic of),20,4
2004,Earthquake,Iran (Islamic Republic of),35,498
2004,Flood,Iran (Islamic Republic of),6,10
2004,Flood,Iran (Islamic Republic of),34,4043
2005,Flood,Iran (Islamic Republic of),3,3000
2005,Earthquake,Iran (Islamic Republic of),612,94766
2005,Earthquake,Iran (Islamic Republic of),13,100
2005,Flood,Iran (Islamic Republic of),43,1750
2006,Earthquake,Iran (Islamic Republic of),63,161418
2006,Flood,Iran (Islamic Republic of),14,2800
2007,Storm,Iran (Islamic Republic of),12,185009
2008,Earthquake,Iran (Islamic Republic of),6,20545
2008,Flood,Iran (Islamic Republic of),19,200
2008,Flood,Iran (Islamic Republic of),3,1280
2010,Earthquake,Iran (Islamic Republic of),1,32
2010,Earthquake,Iran (Islamic Republic of),7,25
2010,Earthquake,Iran (Islamic Republic of),3,3600
2012,Earthquake,Iran (Islamic Republic of),306,61546
2012,Earthquake,Iran (Islamic Republic of),6,5523
2012,Flood,Iran (Islamic Republic of),7,1000
2013,Earthquake,Iran (Islamic Republic of),37,4350
2013,Earthquake,Iran (Islamic Republic of),8,1620
2014,Earthquake,Iran (Islamic Republic of),1,330
2015,Flood,Iran (Islamic Republic of),3,2700
2015,Flood,Iran (Islamic Republic of),3,2000
2015,Flood,Iran (Islamic Republic of),23,4030
2015,Flood,Iran (Islamic Republic of),9,17700
2016,Storm,Iran (Islamic Republic of),4,2000
2017,Earthquake,Iran (Islamic Republic of),3,2262
2017,Earthquake,Iran (Islamic Republic of),444,209000
2017,Earthquake,Iran (Islamic Republic of),2,120
2017,Flood,Iran (Islamic Republic of),18,2000
2018,Flood,Iran (Islamic Republic of),9,7135
2018,Earthquake,Iran (Islamic Republic of),2,13255
2019,Earthquake,Iran (Islamic Republic of),1,2100
2019,Earthquake,Iran (Islamic Republic of),6,23084
2021,Storm,Iran (Islamic Republic of),10,2600
2021,Earthquake,Iran (Islamic Republic of),2,257724
2021,Earthquake,Iran (Islamic Republic of),1,36588
2021,Flood,Iran (Islamic Republic of),11,1810
2021,Storm,Iran (Islamic Republic of),2,122
2001,Earthquake,Japan,2,11261
2001,Storm,Japan,9,7040
2001,Storm,Japan,7,1215
2002,Storm,Japan,5,100018
2003,Earthquake,Japan,2,773
2003,Storm,Japan,20,2180
2003,Flood,Japan,23,814
2003,Storm,Japan,1,223
2004,Earthquake,Japan,40,62183
2004,Storm,Japan,6,756
2004,Storm,Japan,25,10089
2004,Storm,Japan,89,84792
2004,Flood,Japan,21,25807
2004,Storm,Japan,14,180050
2004,Storm,Japan,11,5948
2004,Storm,Japan,41,40900
2004,Flood,Japan,1,2290
2004,Storm,Japan,11,8502
2004,Storm,Japan,2,2
2004,Extreme temperature,Japan,10,300
2005,Earthquake,Japan,1,3535
2005,Storm,Japan,32,270140
2005,Storm,Japan,3,94
2006,Storm,Japan,10,12448
2006,Flood,Japan,34,6232
2006,Flood,Japan,8,4300
2006,Storm,Japan,9,207
2007,Earthquake,Japan,1,41027
2007,Earthquake,Japan,9,14000
2007,Storm,Japan,5,40012
2007,Flood,Japan,2,10000
2007,Storm,Japan,4,982
2007,Extreme temperature,Japan,62,3000
2008,Earthquake,Japan,23,448
2008,Earthquake,Japan,1,470
2008,Flood,Japan,5,50003
2009,Earthquake,Japan,1,25319
2009,Storm,Japan,12,2000
2009,Storm,Japan,4,5119
2009,Landslide,Japan,16,400
2010,Extreme temperature,Japan,170,15000
2011,Earthquake,Japan,19846,368820
2011,Earthquake,Japan,2,132
2011,Storm,Japan,68,1300
2011,Storm,Japan,5,55
2011,Storm,Japan,13,308
2011,Extreme temperature,Japan,36,22000
2012,Flood,Japan,30,48135
2012,Storm,Japan,134,7766
2012,Storm,Japan,3,2540
2012,Storm,Japan,4,372
2012,Storm,Japan,2,18225
2013,Storm,Japan,39,19289
2013,Flood,Japan,5,3633
2013,Storm,Japan,6,30288
2013,Storm,Japan,2,1569
2013,Storm,Japan,9,1152
2013,Storm,Japan,1,4336
2013,Extreme temperature,Japan,338,54000
2014,Storm,Japan,7,666
2014,Storm,Japan,7,8766
2014,Storm,Japan,37,2800
2014,Storm,Japan,24,1600
2014,Storm,Japan,24,101
2014,Landslide,Japan,82,67
2014,Storm,Japan,10,21750
2014,Storm,Japan,9,1198
2014,Extreme temperature,Japan,27,17000
2015,Storm,Japan,2,845
2015,Flood,Japan,21,45046
2015,Storm,Japan,1,27
2015,Storm,Japan,8,60046
2015,Extreme temperature,Japan,32,11187
2015,Extreme temperature,Japan,2,480
2015,Extreme temperature,Japan,5,3200
2016,Earthquake,Japan,9,120800
2016,Earthquake,Japan,49,298432
2016,Extreme temperature,Japan,8,610
2016,Storm,Japan,2,3703
2016,Storm,Japan,1,6000
2016,Extreme temperature,Japan,3,490
2017,Storm,Japan,8,18810
2017,Storm,Japan,2,21656
2017,Flood,Japan,37,2944
2017,Storm,Japan,2,1389
2018,Earthquake,Japan,41,6280
2018,Storm,Japan,17,3900
2018,Storm,Japan,4,18200
2018,Earthquake,Japan,5,20715
2018,Extreme temperature,Japan,119,49000
2019,Storm,Japan,99,390470
2019,Storm,Japan,3,120150
2020,Storm,Japan,2,52
2021,Storm,Japan,23,394
2021,Earthquake,Japan,1,7892
2021,Landslide,Japan,26,900
2001,Flood,Myanmar,51,3750
2002,Flood,Myanmar,21,50000
2004,Storm,Myanmar,236,25000
2004,Earthquake,Myanmar,71,15700
2005,Landslide,Myanmar,17,16
2006,Storm,Myanmar,34,60106
2006,Flood,Myanmar,25,10000
2007,Flood,Myanmar,5,3000
2008,Storm,Myanmar,138366,2420000
2009,Landslide,Myanmar,24,1351
2010,Storm,Myanmar,45,260049
2010,Landslide,Myanmar,68,145000
2011,Earthquake,Myanmar,74,21277
2011,Flood,Myanmar,151,35734
2012,Earthquake,Myanmar,38,1486
2012,Flood,Myanmar,2,85000
2013,Flood,Myanmar,7,73300
2015,Flood,Myanmar,7,14000
2015,Flood,Myanmar,149,1621703
2015,Landslide,Myanmar,21,900
2015,Landslide,Myanmar,17,300
2016,Storm,Myanmar,14,12012
2016,Storm,Myanmar,18,87944
2016,Landslide,Myanmar,42,15
2016,Earthquake,Myanmar,4,1152
2017,Flood,Myanmar,3,92000
2018,Landslide,Myanmar,15,45
2020,Landslide,Myanmar,174,1554
2001,Landslide,Nepal,144,21019
2002,Landslide,Nepal,472,265865
2002,Extreme temperature,Nepal,60,200
2003,Flood,Nepal,239,59254
2004,Flood,Nepal,185,800015
2005,Flood,Nepal,51,1600
2006,Landslide,Nepal,147,80000
2007,Flood,Nepal,214,640706
2008,Flood,Nepal,65,70000
2008,Flood,Nepal,50,180003
2009,Flood,Nepal,87,257786
2010,Flood,Nepal,138,8000
2011,Flood,Nepal,89,1858
2011,Earthquake,Nepal,7,167949
2012,Flood,Nepal,72,5
2013,Flood,Nepal,76,12503
2013,Flood,Nepal,119,4320
2014,Storm,Nepal,83,175
2014,Flood,Nepal,16,2400
2014,Landslide,Nepal,156,476
2015,Landslide,Nepal,36,18
2015,Earthquake,Nepal,8831,5639722
2015,Earthquake,Nepal,138,2428
2015,Landslide,Nepal,29,18
2016,Flood,Nepal,138,10551
2017,Landslide,Nepal,11,7500
2019,Storm,Nepal,28,14854
2021,Flood,Nepal,46,820
2001,Earthquake,Pakistan,12,914292
2001,Flood,Pakistan,210,400179
2001,Storm,Pakistan,4,500
2001,Landslide,Pakistan,16,12
2002,Earthquake,Pakistan,17,15065
2002,Earthquake,Pakistan,19,140782
2002,Storm,Pakistan,14,12
2002,Flood,Pakistan,22,3010
2002,Extreme temperature,Pakistan,113,24
2003,Flood,Pakistan,230,1266223
2003,Flood,Pakistan,36,20
2004,Earthquake,Pakistan,24,13148
2005,Flood,Pakistan,520,7000450
2005,Flood,Pakistan,15,5000
2005,Flood,Pakistan,20,3500
2005,Flood,Pakistan,42,58020
2005,Earthquake,Pakistan,73338,5128309
2005,Flood,Pakistan,39,460073
2005,Extreme temperature,Pakistan,106,200
2006,Flood,Pakistan,40,2000
2006,Flood,Pakistan,233,775
2006,Flood,Pakistan,13,300
2006,Flood,Pakistan,74,5050
2006,Landslide,Pakistan,29,5
2006,Extreme temperature,Pakistan,84,100
2007,Landslide,Pakistan,43,3
2007,Landslide,Pakistan,20,2
2007,Storm,Pakistan,242,1650000
2007,Flood,Pakistan,228,186
2007,Flood,Pakistan,22,500
2007,Flood,Pakistan,44,20
2007,Flood,Pakistan,130,2000
2008,Earthquake,Pakistan,166,75320
2008,Flood,Pakistan,36,200012
2008,Flood,Pakistan,37,90752
2009,Flood,Pakistan,14,10
2009,Flood,Pakistan,36,75000
2009,Flood,Pakistan,52,70
2010,Storm,Pakistan,23,4000
2010,Flood,Pakistan,60,4000
2010,Flood,Pakistan,1985,20359496
2010,Landslide,Pakistan,31,3705
2010,Landslide,Pakistan,19,26700
2011,Earthquake,Pakistan,2,1000
2011,Flood,Pakistan,509,5400755
2012,Flood,Pakistan,480,5049364
2012,Flood,Pakistan,26,1200
2013,Earthquake,Pakistan,41,15175
2013,Earthquake,Pakistan,399,185749
2013,Earthquake,Pakistan,22,50
2013,Flood,Pakistan,34,57
2013,Flood,Pakistan,234,1497725
2014,Storm,Pakistan,16,82
2014,Flood,Pakistan,255,2530673
2015,Flood,Pakistan,49,5067
2015,Earthquake,Pakistan,280,502590
2015,Earthquake,Pakistan,3,85
2015,Extreme temperature,Pakistan,1229,80000
2016,Flood,Pakistan,92,77
2016,Storm,Pakistan,34,191
2016,Earthquake,Pakistan,6,142
2016,Flood,Pakistan,46,410
2016,Flood,Pakistan,32,2900
2016,Flood,Pakistan,141,4412
2017,Landslide,Pakistan,9,113
2017,Flood,Pakistan,167,2367
2017,Storm,Pakistan,15,113
2019,Storm,Pakistan,39,135
2019,Flood,Pakistan,64,871
2019,Earthquake,Pakistan,39,130398
2019,Transport accident,Pakistan,74,40
2020,Storm,Pakistan,107,1000104
2020,Flood,Pakistan,66,4836
2021,Storm,Pakistan,12,6
2021,Storm,Pakistan,11,22
2021,Earthquake,Pakistan,21,64100
2021,Flood,Pakistan,5,97
2001,Earthquake,Peru,145,349978
2001,Earthquake,Peru,2,155
2001,Earthquake,Peru,4,3965
2001,Flood,Peru,9,310
2001,Flood,Peru,6,20000
2001,Landslide,Peru,20,150
2002,Flood,Peru,6,8349
2002,Storm,Peru,59,86682
2002,Flood,Peru,13,2169
2002,Flood,Peru,4,350
2003,Flood,Peru,18,60012
2003,Flood,Peru,4,5450
2003,Extreme temperature,Peru,339,1839888
2004,Extreme temperature,Peru,90,2137467
2004,Landslide,Peru,11,76
2005,Earthquake,Peru,5,2505
2007,Flood,Peru,17,47714
2007,Earthquake,Peru,593,658331
2007,Extreme temperature,Peru,67,884572
2008,Flood,Peru,40,450012
2009,Landslide,Peru,33,162
2009,Flood,Peru,158,236308
2009,Landslide,Peru,59,1153
2009,Extreme temperature,Peru,274,24262
2010,Flood,Peru,20,80000
2010,Landslide,Peru,68,1054
2010,Extreme temperature,Peru,409,57600
2011,Flood,Peru,6,10000
2011,Extreme temperature,Peru,20,13440
2011,Flood,Peru,65,809945
2011,Earthquake,Peru,1,2681
2011,Flood,Peru,1,3000
2012,Flood,Peru,14,50029
2012,Extreme temperature,Peru,252,30113
2013,Extreme temperature,Peru,1,92701
2013,Flood,Peru,1,355
2013,Flood,Peru,67,180766
2014,Earthquake,Peru,8,604
2014,Flood,Peru,20,83878
2014,Extreme temperature,Peru,505,109257
2015,Flood,Peru,9,3235
2015,Extreme temperature,Peru,21,200620
2016,Earthquake,Peru,4,11182
2016,Earthquake,Peru,1,257
2016,Epidemic,Peru,26,54
2018,Earthquake,Peru,2,9319
2019,Earthquake,Peru,2,4272
2019,Landslide,Peru,15,28
2020,Flood,Peru,15,6461
2020,Landslide,Peru,15,13
2021,Flood,Peru,1,1875
2021,Flood,Peru,10,12000
2001,Flood,Philippines ,2,12000
2001,Storm,Philippines ,55,100084
2001,Storm,Philippines ,290,1060147
2001,Storm,Philippines ,6,54840
2001,Flood,Philippines ,37,79000
2001,Flood,Philippines ,4,300
2001,Storm,Philippines ,232,1902654
2002,Flood,Philippines ,11,95008
2002,Earthquake,Philippines ,15,73451
2002,Flood,Philippines ,26,3559
2002,Flood,Philippines ,18,7000
2002,Flood,Philippines ,35,50000
2002,Storm,Philippines ,33,700041
2002,Storm,Philippines ,62,11000
2002,Storm,Philippines ,7,3000
2003,Storm,Philippines ,51,13909
2003,Storm,Philippines ,13,127130
2003,Landslide,Philippines ,255,217988
2003,Storm,Philippines ,21,14280
2003,Storm,Philippines ,8,116602
2004,Storm,Philippines ,31,714
2004,Storm,Philippines ,35,1058849
2004,Storm,Philippines ,29,2014
2004,Storm,Philippines ,1619,881023
2004,Flood,Philippines ,7,20000
2004,Storm,Philippines ,104,838674
2004,Storm,Philippines ,28,385012
2004,Storm,Philippines ,7,4504
2004,Flood,Philippines ,15,1500
2004,Flood,Philippines ,27,194
2004,Landslide,Philippines ,8,6
2004,Storm,Philippines ,8,70488
2005,Storm,Philippines ,18,11
2005,Flood,Philippines ,4,192946
2005,Storm,Philippines ,16,20000
2006,Storm,Philippines ,41,42000
2006,Storm,Philippines ,37,51680
2006,Storm,Philippines ,228,3842406
2006,Storm,Philippines ,34,283021
2006,Storm,Philippines ,1399,2562517
2006,Storm,Philippines ,6,21260
2006,Flood,Philippines ,2,40000
2006,Storm,Philippines ,4,200355
2006,Storm,Philippines ,8,476027
2006,Flood,Philippines ,4,256641
2006,Flood,Philippines ,1,1000
2006,Flood,Philippines ,3,4250
2006,Landslide,Philippines ,6,1200
2006,Landslide,Philippines ,11,7525
2006,Landslide,Philippines ,1126,5926
2006,Storm,Philippines ,6,15000
2006,Storm,Philippines ,42,327542
2007,Flood,Philippines ,9,24508
2007,Storm,Philippines ,7,921462
2007,Storm,Philippines ,8,2000
2007,Storm,Philippines ,29,443115
2007,Storm,Philippines ,20,35333
2007,Flood,Philippines ,11,16463
2007,Storm,Philippines ,3,380000
2007,Storm,Philippines ,2,30000
2007,Storm,Philippines ,1,64000
2007,Storm,Philippines ,8,33884
2008,Storm,Philippines ,644,4785460
2008,Storm,Philippines ,64,1496668
2008,Flood,Philippines ,63,875343
2008,Storm,Philippines ,37,46132
2008,Storm,Philippines ,10,22081
2008,Storm,Philippines ,2,4498
2008,Storm,Philippines ,19,474
2008,Storm,Philippines ,1,8390
2008,Storm,Philippines ,2,31130
2008,Flood,Philippines ,1,1000
2008,Flood,Philippines ,10,239763
2008,Flood,Philippines ,29,50000
2008,Flood,Philippines ,7,2391
2008,Flood,Philippines ,6,365678
2008,Landslide,Philippines ,24,5028
2008,Storm,Philippines ,38,429463
2008,Storm,Philippines ,1,27683
2009,Storm,Philippines ,29,383465
2009,Storm,Philippines ,77,401007
2009,Flood,Philippines ,33,537991
2009,Landslide,Philippines ,10,16
2009,Storm,Philippines ,15,388373
2009,Storm,Philippines ,3,48333
2009,Storm,Philippines ,512,4478491
2009,Storm,Philippines ,26,94229
2009,Storm,Philippines ,16,110405
2009,Flood,Philippines ,22,505102
2009,Storm,Philippines ,1,95700
2009,Storm,Philippines ,39,802175
2009,Storm,Philippines ,4,48142
2009,Storm,Philippines ,501,4901763
2009,Storm,Philippines ,14,221422
2009,Storm,Philippines ,5,248058
2010,Flood,Philippines ,2,40198
2010,Flood,Philippines ,6,46713
2010,Flood,Philippines ,110,1972446
2010,Flood,Philippines ,16,450673
2010,Storm,Philippines ,146,585474
2010,Storm,Philippines ,31,1045
2010,Flood,Philippines ,1,15480
2010,Flood,Philippines ,27,40000
2010,Landslide,Philippines ,2,927
2010,Storm,Philippines ,35,2009026
2011,Storm,Philippines ,37,430092
2011,Storm,Philippines ,9,1152
2011,Storm,Philippines ,20,1700089
2011,Storm,Philippines ,84,1108224
2011,Storm,Philippines ,11,8423
2011,Flood,Philippines ,16,241777
2011,Flood,Philippines ,23,638418
2011,Flood,Philippines ,12,944781
2011,Flood,Philippines ,31,121005
2011,Flood,Philippines ,11,2000
2011,Landslide,Philippines ,24,574
2011,Landslide,Philippines ,5,5
2011,Storm,Philippines ,43,403230
2011,Storm,Philippines ,1439,1150300
2011,Flood,Philippines ,2,871
2011,Flood,Philippines ,5,16191
2011,Storm,Philippines ,25,1113775
2011,Flood,Philippines ,12,171809
2011,Flood,Philippines ,10,39520
2011,Storm,Philippines ,103,3030846
2011,Storm,Philippines ,11,75638
2012,Storm,Philippines ,36,108040
2012,Storm,Philippines ,24,241606
2012,Earthquake,Philippines ,113,320277
2012,Storm,Philippines ,58,949086
2012,Storm,Philippines ,11,5607
2012,Storm,Philippines ,4,7921
2012,Earthquake,Philippines ,1,28879
2012,Flood,Philippines ,1,700
2012,Flood,Philippines ,4,88570
2012,Flood,Philippines ,112,4451725
2012,Flood,Philippines ,11,4835
2012,Flood,Philippines ,29,30929
2012,Landslide,Philippines ,75,23
2012,Storm,Philippines ,1,1234
2012,Storm,Philippines ,1901,6246664
2013,Storm,Philippines ,5,72696
2013,Flood,Philippines ,10,507769
2013,Flood,Philippines ,31,3096422
2013,Flood,Philippines ,11,100021
2013,Storm,Philippines ,1,10597
2013,Storm,Philippines ,20,871755
2013,Storm,Philippines ,4,220443
2013,Storm,Philippines ,7354,16106870
2013,Flood,Philippines ,20,207971
2013,Earthquake,Philippines ,230,3222224
2013,Flood,Philippines ,33,588155
2013,Storm,Philippines ,7,3596
2013,Storm,Philippines ,18,395730
2013,Storm,Philippines ,6,262884
2014,Storm,Philippines ,79,1148707
2014,Storm,Philippines ,2,683
2014,Storm,Philippines ,6,47740
2014,Storm,Philippines ,111,4654966
2014,Storm,Philippines ,18,4150400
2014,Storm,Philippines ,4,431086
2014,Storm,Philippines ,22,2052157
2014,Flood,Philippines ,4,3770
2014,Storm,Philippines ,72,578549
2014,Storm,Philippines ,12,4695
2015,Storm,Philippines ,2,21687
2015,Storm,Philippines ,40,318383
2015,Storm,Philippines ,51,2898590
2015,Storm,Philippines ,46,287251
2015,Flood,Philippines ,9,880
2015,Storm,Philippines ,2,523
2015,Storm,Philippines ,5,14100
2015,Storm,Philippines ,2,3500
2016,Storm,Philippines ,2,3359
2016,Earthquake,Philippines ,8,202
2016,Storm,Philippines ,8,981154
2016,Storm,Philippines ,24,1893404
2017,Storm,Philippines ,6,305
2017,Storm,Philippines ,9,163349
2017,Storm,Philippines ,26,9110
2017,Earthquake,Philippines ,8,16857
2017,Earthquake,Philippines ,3,16500
2017,Storm,Philippines ,10,860
2018,Storm,Philippines ,182,1016063
2018,Storm,Philippines ,84,3800138
2018,Storm,Philippines ,12,253300
2018,Storm,Philippines ,3,83917
2018,Storm,Philippines ,5,1709511
2019,Earthquake,Philippines ,25,15555
2019,Earthquake,Philippines ,9,3027
2019,Earthquake,Philippines ,7,3283
2019,Earthquake,Philippines ,10,26025
2021,Storm,Philippines ,6,37830
2019,Storm,Philippines ,63,3297246
2019,Earthquake,Philippines ,23,260703
2019,Earthquake,Philippines ,14,394565
2019,Storm,Philippines ,4,2000
2019,Storm,Philippines ,2,61502
2019,Storm,Philippines ,19,673
2019,Storm,Philippines ,4,2647558
2020,Storm,Philippines ,31,3356394
2020,Storm,Philippines ,111,514909
2020,Storm,Philippines ,9,36032
2020,Earthquake,Philippines ,1,4980
2020,Volcanic activity,Philippines ,1,736802
2020,Landslide,Philippines ,10,11
2020,Storm,Philippines ,5,578740
2020,Storm,Philippines ,3,250
2020,Storm,Philippines ,31,888415
2021,Storm,Philippines ,17,24
2021,Storm,Philippines ,3,8048
2021,Storm,Philippines ,59,1140539
2021,Flood,Philippines ,2,38160
2021,Storm,Philippines ,5,272453
2021,Storm,Philippines ,9,15000
2021,Storm,Philippines ,457,10608996
2003,Flood,Somalia,1,300
2004,Earthquake,Somalia,298,105083
2005,Flood,Somalia,5,5020
2005,Flood,Somalia,7,2500
2006,Flood,Somalia,5,2000
2006,Flood,Somalia,5,30000
2006,Flood,Somalia,52,299000
2006,Flood,Somalia,35,155500
2007,Flood,Somalia,4,8000
2007,Flood,Somalia,21,2012
2010,Drought,Somalia,20000,4000000
2010,Flood,Somalia,11,200
2012,Flood,Somalia,6,12200
2012,Flood,Somalia,25,20000
2013,Storm,Somalia,162,142380
2013,Flood,Somalia,7,50000
2018,Storm,Somalia,53,228000
2018,Flood,Somalia,5,700000
2019,Storm,Somalia,6,30000
2019,Flood,Somalia,17,500000
2020,Storm,Somalia,9,120000
2020,Flood,Somalia,6,191000
2002,Flood,Sri Lanka,2,500000
2003,Flood,Sri Lanka,235,695000
2004,Earthquake,Sri Lanka,35399,1019306
2004,Flood,Sri Lanka,6,200000
2005,Flood,Sri Lanka,6,145000
2006,Flood,Sri Lanka,25,333002
2007,Flood,Sri Lanka,18,35000
2007,Flood,Sri Lanka,15,121000
2008,Storm,Sri Lanka,9,50000
2008,Flood,Sri Lanka,25,362582
2008,Flood,Sri Lanka,8,54323
2008,Flood,Sri Lanka,15,360000
2009,Flood,Sri Lanka,3,300000
2010,Flood,Sri Lanka,7,164193
2010,Flood,Sri Lanka,28,606072
2011,Flood,Sri Lanka,47,1060324
2011,Flood,Sri Lanka,18,225000
2011,Storm,Sri Lanka,22,35041
2012,Flood,Sri Lanka,53,447021
2013,Flood,Sri Lanka,52,56747
2013,Flood,Sri Lanka,58,17214
2013,Storm,Sri Lanka,7,7339
2014,Flood,Sri Lanka,27,104009
2014,Flood,Sri Lanka,41,1100020
2014,Landslide,Sri Lanka,7,400
2014,Landslide,Sri Lanka,196,1067
2015,Flood,Sri Lanka,2,20000
2017,Storm,Sri Lanka,27,160077
2018,Flood,Sri Lanka,2,75000
2019,Flood,Sri Lanka,1,136607
2020,Storm,Sri Lanka,4,1100
2001,Flood,Thailand,83,4130
2001,Flood,Thailand,104,450109
2002,Storm,Thailand,1,27704
2002,Flood,Thailand,154,3289420
2002,Landslide,Thailand,35,33000
2003,Flood,Thailand,6,104700
2003,Flood,Thailand,3,3000
2004,Storm,Thailand,1,4000
2004,Earthquake,Thailand,8345,67007
2004,Flood,Thailand,2,2000
2004,Flood,Thailand,9,500000
2004,Flood,Thailand,2,5000
2004,Landslide,Thailand,3,110
2005,Flood,Thailand,55,700000
2005,Storm,Thailand,10,2000
2005,Flood,Thailand,21,119310
2006,Flood,Thailand,116,342895
2006,Flood,Thailand,164,2212413
2007,Flood,Thailand,3,65000
2007,Flood,Thailand,10,17000
2007,Flood,Thailand,2,100000
2008,Flood,Thailand,21,700000
2008,Flood,Thailand,18,839573
2009,Flood,Thailand,15,200000
2010,Flood,Thailand,258,8970653
2011,Flood,Thailand,64,716110
2011,Flood,Thailand,813,9500000
2011,Storm,Thailand,18,1000000
2011,Earthquake,Thailand,1,16
2013,Flood,Thailand,61,3500000
2013,Flood,Thailand,23,15254
2014,Earthquake,Thailand,1,17523
2014,Flood,Thailand,10,73260
2014,Flood,Thailand,4,27140
2014,Flood,Thailand,15,18888
2014,Extreme temperature,Thailand,63,1000000
2016,Flood,Thailand,3,22500
2017,Flood,Thailand,96,1800000
2017,Flood,Thailand,22,385498
2019,Storm,Thailand,7,720885
2020,Flood,Thailand,1,40000
2020,Flood,Thailand,29,691659
2020,Storm,Thailand,6,274923
2001,Storm,United States of America  ,11,100
2001,Storm,United States of America  ,7,930
2001,Earthquake,United States of America  ,1,400
2001,Flood,United States of America  ,2,15000
2001,Storm,United States of America  ,4,813
2001,Storm,United States of America  ,41,172000
2001,Storm,United States of America  ,1,1739
2001,Storm,United States of America  ,3,368
2001,Storm,United States of America  ,2,1050
2001,Flood,United States of America  ,1,4400
2001,Flood,United States of America  ,9,600
2001,Wildfire,United States of America  ,1,139
2002,Storm,United States of America  ,2,183
2002,Storm,United States of America  ,1,12
2002,Storm,United States of America  ,10,100
2002,Storm,United States of America  ,36,4066
2002,Flood,United States of America  ,9,1000
2002,Flood,United States of America  ,10,144000
2002,Storm,United States of America  ,1,13200
2003,Storm,United States of America  ,6,386
2003,Storm,United States of America  ,44,120
2003,Flood,United States of America  ,3,1200
2003,Storm,United States of America  ,16,225000
2003,Storm,United States of America  ,4,4
2003,Storm,United States of America  ,45,15145
2003,Earthquake,United States of America  ,2,160
2003,Flood,United States of America  ,3,2000
2003,Storm,United States of America  ,2,54
2003,Wildfire,United States of America  ,14,27104
2003,Wildfire,United States of America  ,4,40
2003,Landslide,United States of America  ,15,15
2004,Storm,United States of America  ,10,1000
2004,Storm,United States of America  ,5,6445
2004,Storm,United States of America  ,9,1749
2004,Storm,United States of America  ,9,14
2004,Storm,United States of America  ,47,5000000
2004,Storm,United States of America  ,4,313
2004,Storm,United States of America  ,10,30000
2004,Storm,United States of America  ,6,40000
2005,Flood,United States of America  ,9,150
2005,Flood,United States of America  ,28,508
2005,Flood,United States of America  ,2,11000
2005,Storm,United States of America  ,1833,500000
2005,Flood,United States of America  ,3,3600
2005,Storm,United States of America  ,4,30000
2005,Flood,United States of America  ,11,3000
2005,Storm,United States of America  ,10,300000
2005,Extreme temperature,United States of America  ,33,31
2005,Wildfire,United States of America  ,5,1410
2006,Flood,United States of America  ,1,600
2006,Flood,United States of America  ,11,65000
2006,Storm,United States of America  ,28,3636
2006,Storm,United States of America  ,12,625
2006,Storm,United States of America  ,1,600
2006,Flood,United States of America  ,2,2500
2006,Flood,United States of America  ,14,1210
2006,Storm,United States of America  ,10,42
2006,Storm,United States of America  ,12,20
2006,Storm,United States of America  ,6,140
2006,Flood,United States of America  ,2,2400
2006,Flood,United States of America  ,1,600
2006,Flood,United States of America  ,2,1500
2006,Wildfire,United States of America  ,4,103
2007,Storm,United States of America  ,10,280
2007,Storm,United States of America  ,20,6600
2007,Storm,United States of America  ,20,20
2007,Flood,United States of America  ,26,2840
2007,Storm,United States of America  ,12,40
2007,Flood,United States of America  ,8,5000
2007,Flood,United States of America  ,4,120
2007,Wildfire,United States of America  ,8,640064
2007,Flood,United States of America  ,8,100
2007,Flood,United States of America  ,10,750
2008,Flood,United States of America  ,2,1500
2008,Storm,United States of America  ,7,70
2008,Storm,United States of America  ,22,150
2008,Storm,United States of America  ,59,150
2008,Storm,United States of America  ,2,177
2008,Flood,United States of America  ,18,1000
2008,Flood,United States of America  ,24,11000148
2008,Storm,United States of America  ,12,400
2008,Storm,United States of America  ,82,200000
2008,Storm,United States of America  ,43,2100000
2008,Wildfire,United States of America  ,1,300
2009,Storm,United States of America  ,9,822
2009,Flood,United States of America  ,2,5060
2009,Storm,United States of America  ,1,2
2009,Storm,United States of America  ,6,25
2009,Storm,United States of America  ,16,50
2009,Storm,United States of America  ,3,9
2009,Flood,United States of America  ,9,3000
2009,Wildfire,United States of America  ,2,192
2010,Storm,United States of America  ,5,58
2010,Storm,United States of America  ,20,100
2010,Storm,United States of America  ,30,8000
2010,Storm,United States of America  ,12,2770
2010,Storm,United States of America  ,8,13
2011,Storm,United States of America  ,3,200
2011,Storm,United States of America  ,354,17200
2011,Storm,United States of America  ,46,370000
2011,Storm,United States of America  ,46,43
2011,Storm,United States of America  ,176,1150
2011,Flood,United States of America  ,1,25000
2011,Wildfire,United States of America  ,4,4800
2011,Wildfire,United States of America  ,2,1305
2012,Storm,United States of America  ,2,100
2012,Storm,United States of America  ,14,200
2012,Storm,United States of America  ,6,297
2013,Storm,United States of America  ,3,1107
2011,Storm,United States of America  ,15,600
2011,Flood,United States of America  ,2,100
2011,Flood,United States of America  ,5,11000
2012,Storm,United States of America  ,1,60000
2012,Storm,United States of America  ,3,1
2012,Storm,United States of America  ,1,100
2012,Flood,United States of America  ,2,300
2012,Storm,United States of America  ,9,17001
2013,Flood,United States of America  ,9,21900
2013,Storm,United States of America  ,29,450
2013,Storm,United States of America  ,6,700
2013,Storm,United States of America  ,11,185
2013,Storm,United States of America  ,27,170150
2013,Storm,United States of America  ,1,4882
2013,Flood,United States of America  ,2,1425
2013,Flood,United States of America  ,3,6000
2013,Flood,United States of America  ,3,300
2013,Flood,United States of America  ,5,300
2013,Flood,United States of America  ,4,4800
2013,Wildfire,United States of America  ,2,1617
2013,Wildfire,United States of America  ,19,387
2014,Storm,United States of America  ,3,30
2014,Storm,United States of America  ,40,15
2014,Earthquake,United States of America  ,1,3250
2014,Storm,United States of America  ,2,36
2014,Flood,United States of America  ,2,102000
2014,Landslide,United States of America  ,43,150
2014,Storm,United States of America  ,1,834
2014,Wildfire,United States of America  ,2,429
2015,Storm,United States of America  ,4,12
2015,Storm,United States of America  ,1,40
2015,Storm,United States of America  ,3,12
2015,Storm,United States of America  ,1,3312
2015,Storm,United States of America  ,4,40
2015,Storm,United States of America  ,50,60
2015,Storm,United States of America  ,18,300
2015,Storm,United States of America  ,25,800
2015,Flood,United States of America  ,32,12000
2015,Flood,United States of America  ,16,12000
2015,Wildfire,United States of America  ,4,7302
2015,Wildfire,United States of America  ,3,1425
2016,Storm,United States of America  ,25,2000
2016,Storm,United States of America  ,1,3000
2016,Storm,United States of America  ,2,10
2016,Flood,United States of America  ,9,21000
2016,Storm,United States of America  ,9,12
2016,Storm,United States of America  ,50,85000012
2016,Storm,United States of America  ,10,12
2016,Wildfire,United States of America  ,2,420
2016,Storm,United States of America  ,3,14070
2016,Storm,United States of America  ,8,33
2016,Storm,United States of America  ,6,19
2016,Wildfire,United States of America  ,14,6574
2017,Storm,United States of America  ,5,200000
2017,Storm,United States of America  ,88,582024
2017,Storm,United States of America  ,4,612
2017,Storm,United States of America  ,2,615
2017,Storm,United States of America  ,97,70000
2017,Storm,United States of America  ,11,12
2017,Storm,United States of America  ,24,200
2017,Wildfire,United States of America  ,43,9185
2017,Miscellaneous accident,United States of America  ,13,3
2018,Wildfire,United States of America  ,14,3237
2018,Storm,United States of America  ,53,1500000
2018,Landslide,United States of America  ,21,1366
2018,Storm,United States of America  ,49,5000
2018,Storm,United States of America  ,5,75
2018,Wildfire,United States of America  ,88,250000
2019,Storm,United States of America  ,2,12
2019,Storm,United States of America  ,8,177
2019,Storm,United States of America  ,3,150
2019,Flood,United States of America  ,5,2000
2019,Storm,United States of America  ,13,57
2019,Storm,United States of America  ,28,90
2019,Storm,United States of America  ,5,1000
2019,Wildfire,United States of America  ,3,603
2020,Storm,United States of America  ,38,200
2020,Storm,United States of America  ,3,31
2020,Storm,United States of America  ,4,9400
2020,Storm,United States of America  ,33,6500
2020,Storm,United States of America  ,25,12300
2021,Storm,United States of America  ,2,75
2021,Storm,United States of America  ,4,8
2021,Storm,United States of America  ,1,30
2021,Storm,United States of America  ,14,344
2021,Flood,United States of America  ,1,51
2021,Storm,United States of America  ,3,7
2021,Storm,United States of America  ,235,10
2021,Storm,United States of America  ,6,250
2021,Storm,United States of America  ,1,9
2021,Storm,United States of America  ,7,105
2021,Storm,United States of America  ,96,14000
2021,Storm,United States of America  ,93,100
2021,Storm,United States of America  ,5,120
2021,Flood,United States of America  ,22,89
2021,Flood,United States of America  ,1,600
2021,Wildfire,United States of America  ,3,1261
2001,Flood,Viet Nam,20,35006
2001,Flood,Viet Nam,310,1570270
2001,Storm,Viet Nam,30,117453
2001,Storm,Viet Nam,3,10003
2001,Storm,Viet Nam,20,73183
2002,Flood,Viet Nam,10,2000
2002,Flood,Viet Nam,82,1138200
2002,Flood,Viet Nam,55,291616
2003,Flood,Viet Nam,61,194049
2003,Flood,Viet Nam,52,221774
2003,Flood,Viet Nam,15,1000
2004,Storm,Viet Nam,56,500000
2004,Flood,Viet Nam,53,18
2004,Flood,Viet Nam,34,30000
2004,Flood,Viet Nam,9,5000
2004,Storm,Viet Nam,14,905
2005,Storm,Viet Nam,75,337660
2005,Flood,Viet Nam,69,18000
2005,Storm,Viet Nam,8,8500
2005,Flood,Viet Nam,67,33800
2005,Flood,Viet Nam,39,30000
2005,Flood,Viet Nam,17,10000
2005,Storm,Viet Nam,20,15000
2006,Storm,Viet Nam,17,2000
2006,Flood,Viet Nam,12,2000
2006,Flood,Viet Nam,42,50020
2006,Storm,Viet Nam,95,1226360
2006,Flood,Viet Nam,4,100
2006,Storm,Viet Nam,204,600000
2006,Storm,Viet Nam,71,1467925
2007,Storm,Viet Nam,96,685430
2007,Flood,Viet Nam,74,416130
2007,Flood,Viet Nam,55,150000
2007,Flood,Viet Nam,15,22000
2007,Flood,Viet Nam,83,94042
2008,Storm,Viet Nam,162,57630
2008,Storm,Viet Nam,46,58511
2008,Flood,Viet Nam,29,12004
2008,Flood,Viet Nam,99,600000
2008,Storm,Viet Nam,18,31680
2008,Storm,Viet Nam,17,8828
2008,Flood,Viet Nam,4,500
2008,Flood,Viet Nam,9,20000
2009,Storm,Viet Nam,182,2477315
2009,Storm,Viet Nam,124,500145
2009,Flood,Viet Nam,20,700000
2009,Flood,Viet Nam,17,40000
2009,Landslide,Viet Nam,13,1
2010,Storm,Viet Nam,10,12400
2010,Flood,Viet Nam,84,679825
2010,Flood,Viet Nam,21,761000
2010,Flood,Viet Nam,31,39008
2010,Flood,Viet Nam,50,10000
2010,Storm,Viet Nam,11,1500
2010,Storm,Viet Nam,14,20700
2011,Storm,Viet Nam,16,63
2011,Flood,Viet Nam,24,300000
2011,Flood,Viet Nam,85,600000
2011,Flood,Viet Nam,13,461584
2012,Storm,Viet Nam,10,3
2012,Storm,Viet Nam,17,60479
2012,Storm,Viet Nam,11,278490
2012,Flood,Viet Nam,34,17540
2013,Flood,Viet Nam,29,1000
2013,Flood,Viet Nam,5,5000
2013,Flood,Viet Nam,7,25000
2013,Flood,Viet Nam,47,2130001
2013,Storm,Viet Nam,7,5011
2013,Storm,Viet Nam,31,1835585
2013,Storm,Viet Nam,20,109754
2013,Storm,Viet Nam,16,13094
2014,Storm,Viet Nam,27,36000
2014,Storm,Viet Nam,11,11325
2015,Flood,Viet Nam,32,15000
2015,Storm,Viet Nam,7,115
2016,Storm,Viet Nam,1,191750
2016,Storm,Viet Nam,11,11090
2016,Storm,Viet Nam,34,610000
2016,Flood,Viet Nam,35,659615
2017,Flood,Viet Nam,39,4161
2017,Storm,Viet Nam,123,4330000
2017,Storm,Viet Nam,9,21000
2017,Storm,Viet Nam,1,1
2017,Storm,Viet Nam,14,692012
2018,Storm,Viet Nam,34,96000
2018,Storm,Viet Nam,13,50000
2018,Flood,Viet Nam,33,16728
2018,Flood,Viet Nam,14,105000
2018,Storm,Viet Nam,19,10028
2019,Storm,Viet Nam,1,20014
2019,Flood,Viet Nam,27,500
2019,Storm,Viet Nam,3,2150
2020,Storm,Viet Nam,5,4652
2020,Flood,Viet Nam,5,2621
2020,Storm,Viet Nam,41,450000
2020,Storm,Viet Nam,3,30013
2020,Storm,Viet Nam,243,1500000
2020,Storm,Viet Nam,2,5000
2020,Storm,Viet Nam,2,10000
2020,Storm,Viet Nam,2,70780
2020,Storm,Viet Nam,6,125000
2021,Storm,Viet Nam,5,82500
2021,Storm,Viet Nam,1,750
2021,Flood,Viet Nam,3,180
