Year,Conflict name,Country of origin,Deaths civilians
2015,Syria: Government,Syria,10776
2021,Yemen (North Yemen): Government,Yemen (North Yemen),8355
2003,"Australia, United Kingdom, United States - Iraq",Iraq,6573
2015,Syria: Islamic State,Syria,3402
2018,Comando Vermelho - GDE,Brazil,1906
2014,Afghanistan: Government,Afghanistan,1899
2004,Government of Sudan - Civilians,Sudan,1715
2006,Iraq: Government,Iraq,1700
2009,Juarez Cartel - Sinaloa Cartel,Mexico,1636
2015,Afghanistan: Government,Afghanistan,1576
2014,Iraq: Government,Iraq,1500
2008,Juarez Cartel - Sinaloa Cartel,Mexico,1286
2002,"FRPI, RCD-K-ML  - Civilians",Dem. Rep. of the Congo,1200
2020,Jalisco Cartel New Generation - Sinaloa Cartel,Mexico,1162
2018,Jalisco Cartel New Generation - Santa Rosa de Lima Cartel,Mexico,1162
2018,Jalisco Cartel New Generation - Sinaloa Cartel,Mexico,1101
2014,IS - Civilians,Iraq,1000
2009,Sri Lanka (Ceylon): Eelam,Sri Lanka,1000
2004,Iraq: Government,Iraq,966
2017,IS - SDF,Syria,960
2001,"Afisare, Anaguta, Birom - Fulani, Hausa",Nigeria,952
2017,Comando Vermelho - GDE,Brazil,923
2011,Juarez Cartel - Sinaloa Cartel,Mexico,895
2018,Jalisco Cartel New Generation - La Nueva Familia,Mexico,856
2020,Jalisco Cartel New Generation - Sinaloa Cartel,Mexico,814
2013,Government of Central African Republic - Civilians,Central African Republic,800
2020,Ethiopia: Government,Ethiopia,760
2020,Government of Eritrea - Civilians,Ethiopia,750
2017,Government of Myanmar (Burma) - Civilians,Myanmar (Burma),750
2019,Comando Vermelho - GDE,Brazil,739
2018,Jalisco Cartel New Generation - Los Zetas,Mexico,726
2020,Comando Vermelho - GDE,Brazil,721
2003,Sudan: Government,Sudan,717
2015,Cartel Independiente de Acapulco - La Barredora,Mexico,713
2021,Ethiopia: Government,Ethiopia,700
2004,Sudan: Government,Sudan,700
2013,Syria: Government,Syria,698
2018,Jalisco Cartel New Generation - La Familia,Mexico,689
2004,Christians (Nigeria) - Muslims (Nigeria),Nigeria,660
2004,Sudan: Government,Sudan,660
2004,Government of Sudan - Civilians,Sudan,653
2021,Ethiopia: Government,Ethiopia,650
2021,Ethiopia: Government,Ethiopia,650
2014,Nigeria: Government,Nigeria,649
2001,Sudan: Government,Sudan,630
2021,Ethiopia: Government,Ethiopia,616
2021,Ethiopia: Government,Ethiopia,616
2013,Dem. Rep. of the Congo: Government,Dem. Rep. of the Congo,614
2014,Jama'atu Ahlis Sunna Lidda'awati wal-Jihad - Civilians,Nigeria,600
2018,IS - Civilians,Syria,600
2020,Jalisco Cartel New Generation - Santa Rosa de Lima Cartel,Mexico,589
2017,Somalia: Government,Somalia,587
2018,Afghanistan: Government,Afghanistan,576
2018,Jalisco Cartel New Generation - Santa Rosa de Lima Cartel,Mexico,553
2007,IS - Civilians,Iraq,520
2021,Ethiopia: Government,Ethiopia,515
2014,Afghanistan: Government,Afghanistan,507
2021,Ethiopia: Government,Ethiopia,502
2001,India: Kashmir,India,500
2002,Sudan: Government,Sudan,500
2002,Sudan: Government,Sudan,500
2006,Sudan: Government,Sudan,500
2011,Lou Nuer - Murle,Sudan,500
2017,Jalisco Cartel New Generation - Sinaloa Cartel,Mexico,498
2016,Iraq: Government,Iraq,494
2014,Jalisco Cartel New Generation - Los Zetas,Mexico,484
2001,Jukun - Tiv,Nigeria,481
2009,Rwanda: Government,Dem. Rep. of the Congo,473
2009,Rwanda: Government,Dem. Rep. of the Congo,473
2014,Uganda: Government,Dem. Rep. of the Congo,472
2018,Jalisco Cartel New Generation - Sinaloa Cartel,Mexico,471
2014,South Sudan: Government,South Sudan,470
2012,Juarez Cartel - Sinaloa Cartel,Mexico,466
2016,Syria: Government,Syria,459
2018,"23rd Division, Jaysh al Nasr, Jaysh al-Nukhba, Sham Legion, SNA, Syrian Liberation Front - SDF",Syria,456
2018,"23rd Division, Ahrar al-Sham, Jaysh al Nasr, Jaysh al-Nukhba, Nour al-Din Zenki, Sham Legion, SNA - SDF",Syria,455
2002,Hema - Lendu,Dem. Rep. of the Congo,446
2001,Afghanistan: Government,Afghanistan,441
2013,Syria: Government,Syria,439
2009,Lou Nuer - Murle,Sudan,433
2018,Jalisco Cartel New Generation - Nueva Plaza Cartel,Mexico,432
2017,Syria: Islamic State,Syria,428
2003,Government of Ethiopia - Civilians,Ethiopia,424
2001,Dem. Rep. of the Congo: Government,Dem. Rep. of the Congo,420
2017,Syria: Islamic State,Syria,415
2016,IS - SDF,Syria,402
2002,Hema - Lendu,Dem. Rep. of the Congo,400
2021,Ethiopia: Government,Ethiopia,400
2021,Ethiopia: Government,Ethiopia,400
2009,Ethiopia: Ogaden,Ethiopia,400
2014,Iraq: Government,Iraq,400
2001,Sudan: Government,Sudan,400
2004,Sudan: Government,Sudan,400
2003,Janjaweed  - Civilians,Sudan,400
2004,Iraq: Government,Iraq,396
2014,Syria: Islamic State,Syria,396
2014,IS - Civilians,Iraq,385
2013,South Sudan: Government,South Sudan,385
2014,Jama'atu Ahlis Sunna Lidda'awati wal-Jihad - Civilians,Nigeria,376
2014,Afghanistan: Government,Afghanistan,374
2012,Syria: Government,Syria,373
2015,Afghanistan: Government,Afghanistan,367
2014,IS - Civilians,Syria,362
2017,Government of Myanmar (Burma) - Civilians,Myanmar (Burma),358
2015,Nigeria: Government,Nigeria,354
2015,Iraq: Government,Iraq,350
2002,LRA - Civilians,Sudan,350
2018,Banunu - Batende,Dem. Rep. of the Congo,348
2009,Tijuana Cartel - Tijuana Cartel - El Teo faction,Mexico,346
2003,"FNI, FRPI - Civilians",Dem. Rep. of the Congo,345
2021,"Caborca Cartel, Sinaloa Cartel - Los Mayos faction - Sinaloa Cartel - Chapitos faction",Mexico,344
2009,Rwanda: Government,Dem. Rep. of the Congo,343
2017,Syria: Islamic State,Syria,341
2003,FNI - Civilians,Dem. Rep. of the Congo,340
2021,"Caborca Cartel, Sinaloa Cartel - Los Mayos faction - Sinaloa Cartel - Chapitos faction",Mexico,340
2018,Syria: Islamic State,Syria,340
2018,Banunu - Batende,Dem. Rep. of the Congo,338
2011,Libya: Government,Libya,336
2020,Jalisco Cartel New Generation - Santa Rosa de Lima Cartel,Mexico,336
2014,SPLM/A - IO - Civilians,South Sudan,336
2021,"Caborca Cartel, Sinaloa Cartel - Los Mayos faction - Sinaloa Cartel - Chapitos faction",Mexico,334
2016,Jalisco Cartel New Generation - Sinaloa Cartel,Mexico,329
2004,Iraq: Government,Iraq,327
2006,Gulf Cartel - Sinaloa Cartel,Mexico,327
2016,IS - Civilians,Iraq,324
2020,Jalisco Cartel New Generation - Santa Rosa de Lima Cartel,Mexico,321
2002,FNI - Civilians,Dem. Rep. of the Congo,320
2003,"Australia, United Kingdom, United States - Iraq",Iraq,320
2018,Afghanistan: Government,Afghanistan,316
2014,Syria: Islamic State,Syria,314
2017,Syria: Islamic State,Syria,314
2018,Syria: Islamic State,Syria,313
2002,Sudan: Government,Sudan,310
2014,Iraq: Government,Iraq,309
2021,"Caborca Cartel, Sinaloa Cartel - Los Mayos faction - Sinaloa Cartel - Chapitos faction",Mexico,308
2020,Syria: Islamic State,Syria,305
2020,Jalisco Cartel New Generation - Santa Rosa de Lima Cartel,Mexico,304
2020,Jalisco Cartel New Generation - Santa Rosa de Lima Cartel,Mexico,304
2017,Dem. Rep. of the Congo: Government,Dem. Rep. of the Congo,302
2021,Ethiopia: Government,Ethiopia,301
2001,Afghanistan: Government,Afghanistan,300
2008,Dem. Rep. of the Congo: Government,Dem. Rep. of the Congo,300
2002,UPC - Civilians,Dem. Rep. of the Congo,300
2016,Iraq: Government,Iraq,300
2007,IS - Civilians,Iraq,300
2020,Jalisco Cartel New Generation - Santa Rosa de Lima Cartel,Mexico,300
2016,Nigeria: Islamic State,Nigeria,300
2020,Lou Nuer - Murle,South Sudan,300
2009,Sri Lanka (Ceylon): Eelam,Sri Lanka,300
2002,Sudan: Government,Sudan,300
2003,Government of Sudan - Civilians,Sudan,300
2013,Afghanistan: Government,Afghanistan,297
2020,Jalisco Cartel New Generation - Sinaloa Cartel,Mexico,290
2001,Sri Lanka (Ceylon): Eelam,Sri Lanka,288
2003,"FNI, FRPI - Civilians",Dem. Rep. of the Congo,287
2020,Jalisco Cartel New Generation - Santa Rosa de Lima Cartel,Mexico,287
2013,Afghanistan: Government,Afghanistan,286
2003,Bi'idyahan subclan of Majerteen clan (Darod) - Ismail subclan of Makahil clan (Darod),Ethiopia,280
2015,Iraq: Government,Iraq,277
2017,Myanmar (Burma): Arakan,Myanmar (Burma),276
2019,Jalisco Cartel New Generation - Santa Rosa de Lima Cartel,Mexico,275
2001,United States of America: Government,Afghanistan,272
2019,Jalisco Cartel New Generation - Santa Rosa de Lima Cartel,Mexico,272
2021,Ethiopia: Government,Ethiopia,271
2016,South Sudan: Government,South Sudan,271
2009,Sri Lanka (Ceylon): Eelam,Sri Lanka,270
2020,Jalisco Cartel New Generation - La Familia,Mexico,269
2009,Lou Nuer - Murle,Sudan,267
2016,Libya: Islamic State,Libya,266
2019,Jalisco Cartel New Generation - La Familia,Mexico,266
2011,Libya: Government,Libya,264
2015,IS - Civilians,Syria,264
2018,Syria: Government,Syria,264
2017,IS - HTS,Syria,261
2003,UPC - Civilians,Dem. Rep. of the Congo,260
2003,"FNI, FRPI - Civilians",Dem. Rep. of the Congo,260
2006,Sri Lanka (Ceylon): Eelam,Sri Lanka,260
2012,Okaida - Estados Unidos,Brazil,259
2017,Syria: Islamic State,Syria,259
2011,Lou Nuer - Murle,South Sudan,257
2003,Sudan: Government,Sudan,257
2003,"Australia, United Kingdom, United States - Iraq",Iraq,256
2015,Iraq: Government,Iraq,255
2021,Yemen (North Yemen): Government,Yemen (North Yemen),255
2005,"Hotiya Baggara  - Mahamid, Mahariba, Newiba",Sudan,251
2019,Jalisco Cartel New Generation - Santa Rosa de Lima Cartel,Mexico,250
2015,Nigeria: Islamic State,Nigeria,250
2009,Sri Lanka (Ceylon): Eelam,Sri Lanka,250
2003,Sudan: Government,Sudan,250
2004,Government of Sudan - Civilians,Sudan,250
2009,Lou Nuer - Murle,Sudan,250
2014,Iraq: Government,Iraq,249
2018,Jalisco Cartel New Generation - Los Zetas,Mexico,248
2014,Syria: Islamic State,Syria,247
2020,Jalisco Cartel New Generation - Santa Rosa de Lima Cartel,Mexico,246
2019,Jalisco Cartel New Generation - Santa Rosa de Lima Cartel,Mexico,245
2011,Lou Nuer - Murle,South Sudan,245
2012,Afghanistan: Government,Afghanistan,244
2001,Sudan: Government,Sudan,244
2009,Misseriya - Rizeigat Abbala,Sudan,244
2017,Government of Myanmar (Burma) - Civilians,Myanmar (Burma),243
2002,Colombia: Government,Colombia,240
2012,Dem. Rep. of the Congo: Government,Dem. Rep. of the Congo,240
2015,Iraq: Government,Iraq,240
2003,Janjaweed  - Civilians,Sudan,240
2011,Libya: Government,Libya,239
2010,Juarez Cartel - Sinaloa Cartel,Mexico,239
2007,Somalia: Government,Somalia,238
2013,Government of South Sudan - Civilians,South Sudan,238
2010,Juarez Cartel - Sinaloa Cartel,Mexico,236
2020,Jalisco Cartel New Generation - Santa Rosa de Lima Cartel,Mexico,235
2015,Afghanistan: Government,Afghanistan,234
2020,Jalisco Cartel New Generation - La Familia,Mexico,234
2011,Libya: Government,Libya,233
2018,Jalisco Cartel New Generation - Los Zetas,Mexico,232
2018,Jalisco Cartel New Generation - Santa Rosa de Lima Cartel,Mexico,231
2014,IS - Civilians,Syria,230
2015,Syria: Government,Syria,230
2019,IS - SDF,Syria,230
2019,Jalisco Cartel New Generation - La Familia,Mexico,229
2020,Jalisco Cartel New Generation - La Familia,Mexico,229
2015,IS - Civilians,Syria,229
2012,"Mayi Mayi Kifuafua, Raia Mutomboki - Civilians",Dem. Rep. of the Congo,227
2016,Somalia: Government,Somalia,227
2018,Syria: Government,Syria,227
2015,Afghanistan: Government,Afghanistan,226
2019,Jalisco Cartel New Generation - La Familia,Mexico,226
2020,Jalisco Cartel New Generation - Los Zetas,Mexico,225
2019,Jalisco Cartel New Generation - Santa Rosa de Lima Cartel,Mexico,224
2012,Lou Nuer - Murle,Ethiopia,223
2009,Sri Lanka (Ceylon): Eelam,Sri Lanka,223
2014,Ma'aliyah - Rizeigat Baggara,Sudan,223
2020,"Amhara, Oromo, Shinasha - Gumuz",Ethiopia,222
2002,UPC - Civilians,Dem. Rep. of the Congo,220
2014,Iraq: Government,Iraq,220
2019,Jalisco Cartel New Generation - Sinaloa Cartel,Mexico,220
2020,Jalisco Cartel New Generation - La Familia,Mexico,220
2014,Jama'atu Ahlis Sunna Lidda'awati wal-Jihad - Yan Gora,Nigeria,220
2012,Syria: Government,Syria,220
2014,Syria: Islamic State,Syria,220
2020,Yemen (North Yemen): Government,Yemen (North Yemen),220
2020,Jalisco Cartel New Generation - La Familia,Mexico,219
2014,Uganda: Government,Dem. Rep. of the Congo,218
2010,Juarez Cartel - Sinaloa Cartel,Mexico,217
2012,Yemen (North Yemen): Government,Yemen (North Yemen),217
2019,Jalisco Cartel New Generation - Santa Rosa de Lima Cartel,Mexico,215
2004,Sudan: Government,Sudan,215
2015,Ma'aliyah - Rizeigat Baggara,Sudan,215
2011,Libya: Government,Libya,214
2018,Jalisco Cartel New Generation - Sinaloa Cartel,Mexico,214
2013,FPRC - Civilians,Central African Republic,213
2012,Gulf Cartel - Los Zetas,Mexico,212
2020,Jalisco Cartel New Generation - La Familia,Mexico,212
2020,Jalisco Cartel New Generation - La Familia,Mexico,211
2013,Syria: Government,Syria,210
2019,Myanmar (Burma): Arakan,Myanmar (Burma),209
2015,Nigeria: Government,Nigeria,209
2015,Nigeria: Government,Nigeria,208
2020,Jalisco Cartel New Generation - La Familia,Mexico,207
2012,Syria: Government,Syria,207
2017,Dem. Rep. of the Congo: Government,Dem. Rep. of the Congo,206
2013,Government of South Sudan - Civilians,South Sudan,206
2009,Philippines: Government,Philippines,205
2003,FNI - Civilians,Dem. Rep. of the Congo,204
2003,FNI - Civilians,Dem. Rep. of the Congo,204
2019,Juarez Cartel - Sinaloa Cartel,Mexico,204
2016,Gulf Cartel - Los Zetas,Mexico,204
2019,Jalisco Cartel New Generation - La Familia,Mexico,204
2004,Sudan: Government,Sudan,204
2015,Sudan: Government,Sudan,204
2009,Nigeria: Government,Nigeria,203
2018,Syria: Government,Syria,203
2015,Nigeria: Islamic State,Nigeria,202
2020,TPLF - Civilians,Ethiopia,201
2012,Government of Nigeria - Civilians,Nigeria,201
2020,Afghanistan: Government,Afghanistan,200
2001,Afghanistan: Government,Afghanistan,200
2001,United States of America: Government,Afghanistan,200
2002,United States of America: Government,Afghanistan,200
2001,UIFSA - Civilians,Afghanistan,200
2013,Government of Central African Republic - Civilians,Central African Republic,200
2013,anti-Balaka - Civilians,Central African Republic,200
2002,Colombia: Government,Colombia,200
2004,FNI - Civilians,Dem. Rep. of the Congo,200
2001,Hema - Lendu,Dem. Rep. of the Congo,200
2002,Hema - Lendu,Dem. Rep. of the Congo,200
2002,Hema - Lendu,Dem. Rep. of the Congo,200
2002,Hema - Lendu,Dem. Rep. of the Congo,200
2002,FRF - RCD,Dem. Rep. of the Congo,200
2003,FNI - UPC,Dem. Rep. of the Congo,200
2003,"FNI, FRPI - UPC",Dem. Rep. of the Congo,200
2020,Ethiopia: Government,Ethiopia,200
2021,Ethiopia: Government,Ethiopia,200
2021,Ethiopia: Government,Ethiopia,200
2021,Ethiopia: Government,Ethiopia,200
2021,Ethiopia: Government,Ethiopia,200
2018,Amhara - Qimant,Ethiopia,200
2014,Iraq: Government,Iraq,200
2016,Iraq: Government,Iraq,200
2017,Nigeria: Government,Nigeria,200
2014,Jama'atu Ahlis Sunna Lidda'awati wal-Jihad - Civilians,Nigeria,200
2014,Jama'atu Ahlis Sunna Lidda'awati wal-Jihad - Civilians,Nigeria,200
2001,Azara - Tiv,Nigeria,200
2008,"Afisare, Anaguta, Birom - Fulani, Hausa",Nigeria,200
2001,"Hausa - Igbo, Yoruba",Nigeria,200
2004,Christians (Nigeria) - Muslims (Nigeria),Nigeria,200
2009,Sri Lanka (Ceylon): Eelam,Sri Lanka,200
2009,Sri Lanka (Ceylon): Eelam,Sri Lanka,200
2002,Sudan: Government,Sudan,200
2008,Sudan: Government,Sudan,200
2003,Sudan: Government,Sudan,200
2004,Sudan: Government,Sudan,200
2006,Sudan: Government,Sudan,200
2004,Government of Sudan - Civilians,Sudan,200
2006,Janjaweed  - Civilians,Sudan,200
2016,Sudan: Government,Sudan,200
2014,IS - Civilians,Syria,200
2019,Jalisco Cartel New Generation - La Familia,Mexico,199
2014,anti-Balaka - Civilians,Central African Republic,198
2009,Government of Dem. Rep. of the Congo - Civilians,Dem. Rep. of the Congo,198
2021,Jalisco Cartel New Generation - Los Zetas,Mexico,198
2021,Jalisco Cartel New Generation - Sinaloa Cartel,Mexico,197
2019,Jalisco Cartel New Generation - La Familia,Mexico,196
2015,Iraq: Government,Iraq,194
2010,Juarez Cartel - Sinaloa Cartel,Mexico,194
2019,Jalisco Cartel New Generation - Nueva Plaza Cartel,Mexico,194
2010,Juarez Cartel - Sinaloa Cartel,Mexico,191
2013,Government of Syria - Civilians,Syria,191
2017,Syria: Islamic State,Syria,191
2021,Afghanistan: Government,Afghanistan,190
2016,IS - Civilians,Iraq,190
2008,Afghanistan: Government,Afghanistan,189
2017,Baluba - Batwa,Dem. Rep. of the Congo,189
2010,Juarez Cartel - Sinaloa Cartel,Mexico,189
2020,Jalisco Cartel New Generation - La Familia,Mexico,188
2021,Yemen (North Yemen): Government,Yemen (North Yemen),188
2019,Jalisco Cartel New Generation - Nueva Plaza Cartel,Mexico,187
2001,Sudan: Government,Sudan,187
2017,Kamuina Nsapu - Civilians,Dem. Rep. of the Congo,186
2003,Janjaweed  - JEM,Sudan,186
2021,Yemen (North Yemen): Government,Yemen (North Yemen),186
2012,Nigeria: Government,Nigeria,185
2014,Nigeria: Government,Nigeria,185
2014,Nigeria: Government,Nigeria,185
2009,Lou Nuer - Murle,Sudan,185
2020,Jalisco Cartel New Generation - Nueva Plaza Cartel,Mexico,184
2019,Jalisco Cartel New Generation - Santa Rosa de Lima Cartel,Mexico,184
2021,Iraq: Government,Afghanistan,183
2015,Afghanistan: Government,Afghanistan,183
2018,Jalisco Cartel New Generation - Sinaloa Cartel,Mexico,183
2013,Nigeria: Government,Nigeria,183
2006,Indian Mujahideen - Civilians,India,182
2020,Jalisco Cartel New Generation - Sinaloa Cartel,Mexico,181
2019,Jalisco Cartel New Generation - Santa Rosa de Lima Cartel,Mexico,181
2002,UPC - Civilians,Dem. Rep. of the Congo,180
2021,"Government of Eritrea, Government of Ethiopia - Civilians",Ethiopia,180
2016,IS - Civilians,Iraq,180
2009,Sri Lanka (Ceylon): Eelam,Sri Lanka,180
2021,Yemen (North Yemen): Government,Yemen (North Yemen),180
2019,Jalisco Cartel New Generation - Santa Rosa de Lima Cartel,Mexico,178
2016,Dem. Rep. of the Congo: Government,Dem. Rep. of the Congo,177
2015,Habaniya  - Rizeigat Baggara,Sudan,176
2002,Christians (Nigeria) - Muslims (Nigeria),Nigeria,175
2015,"IS - Jaysh al-Sanadid, Khabour Guards, MFS, PYD",Syria,175
2019,SNA - SDF,Syria,175
2019,Jalisco Cartel New Generation - Sinaloa Cartel,Mexico,174
2021,Jalisco Cartel New Generation - La Familia,Mexico,174
2010,"Birom - Fulani, Hausa",Nigeria,174
2002,UPC - Civilians,Dem. Rep. of the Congo,173
2020,Jalisco Cartel New Generation - Nueva Plaza Cartel,Mexico,173
2012,Myanmar (Burma): Kachin,Myanmar (Burma),173
2009,LRA - Civilians,Dem. Rep. of the Congo,172
2017,Pakam Dinka - Rup Dinka,South Sudan,172
2004,AUC - FARC,Colombia,171
2007,Dem. Rep. of the Congo: Government,Dem. Rep. of the Congo,171
2019,Jalisco Cartel New Generation - Nueva Plaza Cartel,Mexico,171
2009,Afghanistan: Government,Afghanistan,170
2002,Ogaden clan (Darod) - Sheikhal clan (Dir),Ethiopia,170
2020,Nigeria: Islamic State,Nigeria,170
2003,Philippines: Mindanao,Philippines,170
2003,Government of Sudan - Civilians,Sudan,170
2014,Syria: Government,Syria,170
2014,Syria: Islamic State,Syria,170
2015,"IS - Jaysh al-Sanadid, Khabour Guards, MFS, PYD",Syria,170
2019,Jalisco Cartel New Generation - Nueva Plaza Cartel,Mexico,169
2021,Jalisco Cartel New Generation - Nueva Plaza Cartel,Mexico,169
2021,Jalisco Cartel New Generation - La Familia,Mexico,169
2021,Jalisco Cartel New Generation - La Familia,Mexico,168
2011,Juarez Cartel - Sinaloa Cartel,Mexico,167
2009,Hol Dinka - Lou Nuer,Sudan,167
2021,Yemen (North Yemen): Government,Yemen (North Yemen),167
2013,Nigeria: Government,Nigeria,166
2018,Yemen (North Yemen): Government,Yemen (North Yemen),166
2021,Yemen (North Yemen): Government,Yemen (North Yemen),165
2001,"Afghanistan - United Kingdom, United States of America",Afghanistan,164
2002,RCD-K-ML  - UPC,Dem. Rep. of the Congo,164
2019,Jalisco Cartel New Generation - Sinaloa Cartel,Mexico,164
2020,Jalisco Cartel New Generation - Nueva Plaza Cartel,Mexico,164
2010,Birom - Fulani,Nigeria,164
2004,Government of Sudan - Civilians,Sudan,164
2017,IS - Civilians,Iraq,163
2021,Arab - Masalit,Sudan,163
2013,Misseriya - Salamat Baggara,Sudan,163
2001,Central African Republic: Government,Central African Republic,162
2019,Jalisco Cartel New Generation - La Nueva Familia,Mexico,162
2019,Jalisco Cartel New Generation - Nueva Plaza Cartel,Mexico,162
2021,Jalisco Cartel New Generation - La Familia,Mexico,162
2014,Iraq: Government,Iraq,161
2001,"Afghanistan - United Kingdom, United States of America",Afghanistan,160
2003,"FNI, FRPI, RCD-K-ML  - Civilians",Dem. Rep. of the Congo,160
2014,Gulf Cartel - Los Zetas,Mexico,160
2014,Jalisco Cartel New Generation - Los Caballeros Templarios,Mexico,160
2003,Government of Sudan - Civilians,Sudan,160
2014,Syria: Islamic State,Syria,160
2021,Yemen (North Yemen): Government,Yemen (North Yemen),160
2021,Yemen (North Yemen): Government,Yemen (North Yemen),160
2014,Afghanistan: Government,Afghanistan,159
2020,Afghanistan: Government,Afghanistan,159
2002,RCD - Civilians,Dem. Rep. of the Congo,159
2021,Jalisco Cartel New Generation - Sinaloa Cartel,Mexico,159
2019,Jalisco Cartel New Generation - Santa Rosa de Lima Cartel,Mexico,159
2014,"IS - Islamic Front, Mujahideen Army, SRF",Syria,159
2016,Afghanistan: Government,Afghanistan,158
2010,Juarez Cartel - Sinaloa Cartel,Mexico,158
2015,Nigeria: Government,Nigeria,158
2015,Syria: Government,Syria,158
2021,Yemen (North Yemen): Government,Yemen (North Yemen),158
2010,Afghanistan: Government,Afghanistan,157
2021,Jalisco Cartel New Generation - La Familia,Mexico,157
2015,Nigeria: Government,Nigeria,157
2001,United States of America: Government,Afghanistan,156
2021,Gulf Cartel - Los Zetas,Mexico,156
2021,Jalisco Cartel New Generation - Sinaloa Cartel,Mexico,156
2020,Jalisco Cartel New Generation - Nueva Plaza Cartel,Mexico,156
2021,Gawaar Nuer - Murle,South Sudan,156
2021,Yemen (North Yemen): Government,Yemen (North Yemen),156
2020,Jalisco Cartel New Generation - Nueva Plaza Cartel,Mexico,155
2013,Government of Syria - Civilians,Syria,155
2020,Jalisco Cartel New Generation - La Nueva Familia,Mexico,154
2021,Jalisco Cartel New Generation - La Familia,Mexico,154
2012,Government of Syria - Civilians,Syria,154
2016,Turkey: Islamic State,Syria,154
2017,Afghanistan: Government,Afghanistan,153
2009,Iraq: Government,Iraq,153
2016,Nigeria: Islamic State,Nigeria,153
2016,South Sudan: Government,South Sudan,153
2021,Balanda - Azande,South Sudan,153
2009,Sri Lanka (Ceylon): Eelam,Sri Lanka,153
2016,Syria: Government,Syria,153
2007,IS - Civilians,Iraq,152
2011,Lou Nuer - Murle,South Sudan,152
2006,Sri Lanka (Ceylon): Eelam,Sri Lanka,152
2006,Sri Lanka (Ceylon): Eelam,Sri Lanka,152
2001,Sudan: Government,Sudan,152
2014,Syria: Government,Syria,152
2017,IS - SDF,Syria,152
2019,Hema - Lendu,Dem. Rep. of the Congo,151
2012,Los Zetas - Sinaloa Cartel,Mexico,151
2018,Yemen (North Yemen): Government,Yemen (North Yemen),151
2021,Afghanistan: Government,Afghanistan,150
2001,AUC - FARC,Colombia,150
2002,FRPI - Civilians,Dem. Rep. of the Congo,150
2016,Iraq: Government,Iraq,150
2003,"Australia, United Kingdom, United States - Iraq",Iraq,150
2018,BeltrÃ¡n Leyva Cartel - Sinaloa Cartel,Mexico,150
2020,Jalisco Cartel New Generation - Nueva Plaza Cartel,Mexico,150
2014,Nigeria: Government,Nigeria,150
2001,Government of Nigeria - Civilians,Nigeria,150
2004,Supporters of ANPP - Supporters of PDP,Nigeria,150
2004,Supporters of ANPP - Supporters of PDP,Nigeria,150
2017,Wanhihem community - Wanikade community,Nigeria,150
2016,Somalia: Government,Somalia,150
2009,Sri Lanka (Ceylon): Eelam,Sri Lanka,150
2009,Sri Lanka (Ceylon): Eelam,Sri Lanka,150
2009,Sri Lanka (Ceylon): Eelam,Sri Lanka,150
2001,Sudan: Government,Sudan,150
2001,Sudan: Government,Sudan,150
2001,Sudan: Government,Sudan,150
2001,Sudan: Government,Sudan,150
2003,Government of Sudan - Civilians,Sudan,150
2004,Government of Sudan - Civilians,Sudan,150
2006,Habaniya  - Rizeigat Baggara,Sudan,150
2006,Lou Nuer - Murle,Sudan,150
2014,Awlad Omran clan (Misseriya) - Awlad al-Zuid clan (Misseriya),Sudan,150
2012,Sudan: Government,Sudan,150
2012,Syria: Government,Syria,150
2013,Syria: Government,Syria,150
2013,Syria: Government,Syria,150
2021,Yemen (North Yemen): Government,Yemen (North Yemen),150
2021,Yemen (North Yemen): Government,Yemen (North Yemen),150
2019,Jalisco Cartel New Generation - Sinaloa Cartel,Mexico,149
2019,Jalisco Cartel New Generation - La Nueva Familia,Mexico,149
2018,IS - Civilians,Pakistan,149
2015,Afghanistan: Government,Afghanistan,148
2010,Juarez Cartel - Sinaloa Cartel,Mexico,148
2014,Gulf Cartel - Los Zetas,Mexico,148
2020,Jalisco Cartel New Generation - La Nueva Familia,Mexico,148
2020,Jalisco Cartel New Generation - Nueva Plaza Cartel,Mexico,148
2018,"Suqour al-Sham, Syrian Liberation Front - HTS",Syria,148
2008,Sri Lanka (Ceylon): Eelam,Sri Lanka,147
2015,Fulani - Salamat Baggara,Sudan,147
2013,Syria: Government,Syria,147
2021,Afghanistan: Government,Afghanistan,146
2002,UPC - Civilians,Dem. Rep. of the Congo,146
2016,Iraq: Government,Iraq,146
2014,TTP - Civilians,Pakistan,146
2015,Yemen (North Yemen): Islamic State,Yemen (North Yemen),146
2015,Afghanistan: Government,Afghanistan,145
2016,Afghanistan: Government,Afghanistan,145
2019,Jalisco Cartel New Generation - Sinaloa Cartel,Mexico,145
2019,Jalisco Cartel New Generation - Sinaloa Cartel,Mexico,145
2020,Jalisco Cartel New Generation - La Nueva Familia,Mexico,145
2021,Jalisco Cartel New Generation - La Familia,Mexico,145
2009,Sudan: Government,Sudan,145
2004,Government of Sudan - Civilians,Sudan,145
2016,"Jabhat Fateh al-Sham, Rahman Corps - Jaysh al-Islam",Syria,145
2021,Yemen (North Yemen): Government,Yemen (North Yemen),145
2017,Dem. Rep. of the Congo: Government,Dem. Rep. of the Congo,144
2016,Iraq: Government,Iraq,144
2016,Iraq: Government,Iraq,144
2014,IS - Civilians,Iraq,144
2015,Nigeria: Islamic State,Nigeria,144
2015,South Sudan: Government,South Sudan,144
2021,Arab - Masalit,Sudan,144
2008,LRA - Civilians,Dem. Rep. of the Congo,143
2014,Iraq: Government,Iraq,143
2013,Jama'atu Ahlis Sunna Lidda'awati wal-Jihad - Civilians,Nigeria,143
2008,Sri Lanka (Ceylon): Eelam,Sri Lanka,143
2001,Sudan: Government,Sudan,143
2001,Sudan: Government,Sudan,143
2019,Jalisco Cartel New Generation - La Nueva Familia,Mexico,142
2021,Jalisco Cartel New Generation - La Familia,Mexico,142
2016,Syria: Islamic State,Syria,142
2010,PCPA - Civilians,India,141
2005,Iraq: Government,Iraq,141
2017,Libya: Government,Libya,141
2020,Jalisco Cartel New Generation - Nueva Plaza Cartel,Mexico,141
2016,Syria: Government,Syria,141
2002,UPC - Civilians,Dem. Rep. of the Congo,140
2020,Amhara - Gumuz,Ethiopia,140
2016,Iraq: Government,Iraq,140
2007,IS - Civilians,Iraq,140
2021,Jalisco Cartel New Generation - Nueva Plaza Cartel,Mexico,140
2021,Jalisco Cartel New Generation - Santa Rosa de Lima Cartel,Mexico,140
2009,Pakistan: Government,Pakistan,140
2014,Pakistan: Government,Pakistan,140
2004,Sudan: Government,Sudan,140
2010,Dinka  - Nuer,Sudan,140
2016,Yemen (North Yemen): Government,Yemen (North Yemen),140
2021,Yemen (North Yemen): Government,Yemen (North Yemen),140
2021,Afghanistan: Government,Afghanistan,139
2018,IS - Taleban,Afghanistan,139
2021,Jalisco Cartel New Generation - Sinaloa Cartel,Mexico,139
2020,Jalisco Cartel New Generation - Nueva Plaza Cartel,Mexico,139
2017,Syria: Government,Syria,139
2011,Afghanistan: Government,Afghanistan,138
2018,IS - Taleban,Afghanistan,138
2016,Iraq: Government,Iraq,138
2021,Carteles Unidos - Jalisco Cartel New Generation,Mexico,138
2011,Lou Nuer - Murle,South Sudan,138
2012,Syria: Government,Syria,138
2016,Syria: Islamic State,Syria,138
2017,"anti-Balaka, FPRC-AK - FPRC",Central African Republic,137
2019,Jalisco Cartel New Generation - Sinaloa Cartel,Mexico,137
2021,Jalisco Cartel New Generation - Nueva Plaza Cartel,Mexico,137
2012,Sudan: Government,Sudan,137
2016,IS - Civilians,Syria,137
2018,IS - SDF,Syria,137
2002,RCD - Civilians,Dem. Rep. of the Congo,136
2021,Jalisco Cartel New Generation - Sinaloa Cartel,Mexico,136
2008,Sudan: Government,Sudan,136
2006,Dem. Rep. of the Congo: Government,Dem. Rep. of the Congo,135
2021,Government of Ethiopia - Civilians,Ethiopia,135
2019,Jalisco Cartel New Generation - Sinaloa Cartel,Mexico,135
2019,Jalisco Cartel New Generation - Nueva Plaza Cartel,Mexico,134
2020,Jalisco Cartel New Generation - Nueva Plaza Cartel,Mexico,134
2016,Syria: Government,Syria,134
2018,Syria: Government,Syria,134
2017,Syria: Islamic State,Syria,134
2021,Yemen (North Yemen): Government,Yemen (North Yemen),134
2001,"Afghanistan - United Kingdom, United States of America",Afghanistan,133
2014,Awlad Omran clan (Misseriya) - Awlad al-Zuid clan (Misseriya),Sudan,133
2014,Syria: Islamic State,Syria,133
2014,Syria: Islamic State,Syria,133
2020,Ethiopia: Government,Ethiopia,132
2021,Jalisco Cartel New Generation - Santa Rosa de Lima Cartel,Mexico,132
2004,Christians (Nigeria) - Muslims (Nigeria),Nigeria,132
2009,Sri Lanka (Ceylon): Eelam,Sri Lanka,132
2019,Jalisco Cartel New Generation - Los Zetas,Mexico,131
2021,Jalisco Cartel New Generation - Sinaloa Cartel,Mexico,131
2021,Jalisco Cartel New Generation - Nueva Plaza Cartel,Mexico,131
2021,Carteles Unidos - Jalisco Cartel New Generation,Mexico,131
2015,Yemen (North Yemen): Government,Yemen (North Yemen),131
2017,Afghanistan: Government,Afghanistan,130
2019,Afghanistan: Government,Afghanistan,130
2021,"Agaw, Amhara, Shinasha - Gumuz",Ethiopia,130
2019,Jalisco Cartel New Generation - Sinaloa Cartel,Mexico,130
2019,Jalisco Cartel New Generation - La Nueva Familia,Mexico,130
2021,Jalisco Cartel New Generation - Santa Rosa de Lima Cartel,Mexico,130
2014,Jama'atu Ahlis Sunna Lidda'awati wal-Jihad - Civilians,Nigeria,130
2001,Sudan: Government,Sudan,130
2004,Government of Sudan - Civilians,Sudan,130
2002,Janjaweed  - Civilians,Sudan,130
2021,Yemen (North Yemen): Government,Yemen (North Yemen),130
2019,Jalisco Cartel New Generation - Los Zetas,Mexico,129
2019,Jalisco Cartel New Generation - Sinaloa Cartel,Mexico,129
2021,Jalisco Cartel New Generation - Nueva Plaza Cartel,Mexico,129
2009,Sri Lanka (Ceylon): Eelam,Sri Lanka,129
2009,Sri Lanka (Ceylon): Eelam,Sri Lanka,129
2016,IS - Civilians,Iraq,128
2020,Jalisco Cartel New Generation - La Nueva Familia,Mexico,128
2018,South Sudan: Government,South Sudan,128
2017,Afghanistan: Government,Afghanistan,127
2015,Iraq: Government,Iraq,127
2010,Juarez Cartel - Sinaloa Cartel,Mexico,127
2021,Jalisco Cartel New Generation - Santa Rosa de Lima Cartel,Mexico,127
2006,Somalia: Government,Somalia,127
2020,Somalia: Government,Somalia,127
2012,South Sudan: Government,South Sudan,127
2020,Afghanistan: Government,Afghanistan,126
2005,IS - Civilians,Iraq,126
2020,Juarez Cartel - Sinaloa Cartel,Mexico,126
2019,Jalisco Cartel New Generation - Los Zetas,Mexico,126
2011,Christians (Nigeria) - Muslims (Nigeria),Nigeria,126
2014,South Sudan: Government,South Sudan,126
2002,AUC - FARC,Colombia,125
2008,Dem. Rep. of the Congo: Kongo Kingdom,Dem. Rep. of the Congo,125
2011,Turkey: Kurdistan,Iraq,125
2011,Christians (Nigeria) - Muslims (Nigeria),Nigeria,125
2011,Christians (Nigeria) - Muslims (Nigeria),Nigeria,125
2011,Christians (Nigeria) - Muslims (Nigeria),Nigeria,125
2004,Sudan: Government,Sudan,125
2001,Janjaweed  - Civilians,Sudan,125
2007,Fulani - Habaniya,Sudan,125
2015,Syria: Islamic State,Syria,125
2018,Syria: Islamic State,Syria,125
2020,Jalisco Cartel New Generation - Sinaloa Cartel,Mexico,124
2020,Jalisco Cartel New Generation - Sinaloa Cartel,Mexico,124
2001,Sudan: Government,Sudan,124
2013,Syria: Government,Syria,124
2016,"Jabhat Fateh al-Sham, Rahman Corps - Jaysh al-Islam",Syria,124
2017,Afghanistan: Government,Afghanistan,123
2019,Afghanistan: Government,Afghanistan,123
2015,Iraq: Government,Iraq,123
2007,Dem. Rep. of the Congo: Government,Dem. Rep. of the Congo,122
2012,Dem. Rep. of the Congo: Government,Dem. Rep. of the Congo,122
2021,Carteles Unidos - Jalisco Cartel New Generation,Mexico,122
2016,Somalia: Government,Somalia,122
2019,IS - Civilians,Sri Lanka,122
2015,Afghanistan: Government,Afghanistan,121
2016,Afghanistan: Islamic State,Afghanistan,121
2010,Turkey: Kurdistan,Iraq,121
2019,Juarez Cartel - Sinaloa Cartel,Mexico,121
2020,Juarez Cartel - Sinaloa Cartel,Mexico,121
2021,Jalisco Cartel New Generation - Los Rojos,Mexico,121
2021,Los Colombianos - Los Maya,Mexico,121
2014,Jama'atu Ahlis Sunna Lidda'awati wal-Jihad - Civilians,Nigeria,121
2008,Sri Lanka (Ceylon): Eelam,Sri Lanka,121
2011,Government of Syria - Civilians,Syria,121
2015,Syria: Government,Syria,121
2015,Afghanistan: Government,Afghanistan,120
2016,Afghanistan: Government,Afghanistan,120
2018,Afghanistan: Government,Afghanistan,120
2013,anti-Balaka - Civilians,Central African Republic,120
2002,UPC - Civilians,Dem. Rep. of the Congo,120
2002,UPC - Civilians,Dem. Rep. of the Congo,120
2002,Mayi Mayi - RCD,Dem. Rep. of the Congo,120
2010,Ethiopia: Ogaden,Ethiopia,120
2002,Ogaden clan (Darod) - Sheikhal clan (Dir),Ethiopia,120
2020,Jalisco Cartel New Generation - Sinaloa Cartel,Mexico,120
2004,Sudan: Government,Sudan,120
2004,Sudan: Government,Sudan,120
2004,Uganda: Government,Sudan,120
2004,Government of Sudan - Civilians,Sudan,120
2002,LRA - Civilians,Sudan,120
2014,Yemen (North Yemen): Government,Yemen (North Yemen),120
2019,Afghanistan: Government,Afghanistan,119
2016,Iraq: Government,Iraq,119
2019,Jalisco Cartel New Generation - Sinaloa Cartel,Mexico,119
2019,Jalisco Cartel New Generation - Sinaloa Cartel,Mexico,119
2020,Jalisco Cartel New Generation - La Nueva Familia,Mexico,119
2021,Jalisco Cartel New Generation - La Familia,Mexico,119
2015,Nigeria: Government,Nigeria,119
2008,Government of Nigeria - Civilians,Nigeria,119
2017,Syria: Islamic State,Syria,119
2016,Yemen (North Yemen): Government,Yemen (North Yemen),119
2007,Sinaloa Cartel - Tijuana Cartel,Mexico,118
2021,Jalisco Cartel New Generation - Sinaloa Cartel,Mexico,118
2021,Jalisco Cartel New Generation - Nueva Plaza Cartel,Mexico,118
2015,IS - Civilians,Nigeria,118
2014,Jama'atu Ahlis Sunna Lidda'awati wal-Jihad - Civilians,Nigeria,118
2016,"Anti-Balaka - Mokom, FPRC, MPC, RPRC - UPC",Central African Republic,117
2017,Gulf Cartel - Los Zetas,Mexico,117
2015,Nigeria: Government,Nigeria,117
2015,IS - Civilians,Nigeria,117
2014,"IS - Islamic Front, Mujahideen Army, SRF",Syria,117
2017,Bana Mura - Civilians,Dem. Rep. of the Congo,116
2021,Government of Eritrea - Civilians,Ethiopia,116
2008,BeltrÃ¡n Leyva Cartel - Sinaloa Cartel,Mexico,116
2021,Jalisco Cartel New Generation - Nueva Plaza Cartel,Mexico,116
2004,ASG - Civilians,Philippines,116
2015,Euphrates Vulcano - IS,Syria,116
2016,Afghanistan: Government,Afghanistan,115
2018,Afghanistan: Government,Afghanistan,115
2008,Dem. Rep. of the Congo: Government,Dem. Rep. of the Congo,115
2009,LRA - Civilians,Dem. Rep. of the Congo,115
2015,Sudan: Government,Sudan,115
2014,Syria: Government,Syria,115
2016,Syria: Islamic State,Syria,115
2021,Yemen (North Yemen): Government,Yemen (North Yemen),115
2021,Yemen (North Yemen): Government,Yemen (North Yemen),115
2013,Dem. Rep. of the Congo: Government,Dem. Rep. of the Congo,114
2014,Iraq: Government,Iraq,114
2014,Iraq: Government,Iraq,114
2005,IS - Civilians,Iraq,114
2003,Philippines: Mindanao,Philippines,114
2015,Syria: Government,Syria,114
2016,Syria: Government,Syria,114
2020,Comando Vermelho - GDE,Brazil,113
2003,FNI - Civilians,Dem. Rep. of the Congo,113
2021,Jalisco Cartel New Generation - Sinaloa Cartel,Mexico,113
2020,Jalisco Cartel New Generation - La Nueva Familia,Mexico,113
2021,Jalisco Cartel New Generation - Nueva Plaza Cartel,Mexico,113
2021,Carteles Unidos - Jalisco Cartel New Generation,Mexico,113
2013,Ma'aliyah - Rizeigat Baggara,Sudan,113
2019,Syria: Government,Syria,113
2021,Afghanistan: Government,Afghanistan,112
2018,anti-Balaka - UPC,Central African Republic,112
2009,Iraq: Government,Iraq,112
2021,Jalisco Cartel New Generation - Nueva Plaza Cartel,Mexico,112
2017,Nigeria: Islamic State,Nigeria,112
2012,South Sudan - Sudan,Sudan,112
2019,Syria: Government,Syria,112
2017,Syria: Islamic State,Syria,112
2014,Iraq: Government,Iraq,111
2011,Los Zetas - Civilians,Mexico,111
2011,Juarez Cartel - Sinaloa Cartel,Mexico,111
2019,Juarez Cartel - Sinaloa Cartel,Mexico,111
2015,Nigeria: Islamic State,Nigeria,111
2005,Northern Sudanese - Southern Sudanese,Sudan,111
2013,Government of Syria - Civilians,Syria,111
2021,Yemen (North Yemen): Government,Yemen (North Yemen),111
2009,Afghanistan: Government,Afghanistan,110
2002,RCD - Civilians,Dem. Rep. of the Congo,110
2021,Ethiopia: Government,Ethiopia,110
2015,Iraq: Government,Iraq,110
2011,Libya: Government,Libya,110
2015,Gulf Cartel - Los Zetas,Mexico,110
2021,Carteles Unidos - Jalisco Cartel New Generation,Mexico,110
2018,Afghanistan: Government,Afghanistan,109
2002,UPC - Civilians,Dem. Rep. of the Congo,109
2004,Ansar al-Islam - PUK,Iraq,109
2010,Juarez Cartel - Sinaloa Cartel,Mexico,109
2019,Juarez Cartel - Sinaloa Cartel,Mexico,109
2020,Juarez Cartel - Sinaloa Cartel,Mexico,109
2019,Jalisco Cartel New Generation - Sinaloa Cartel,Mexico,109
2017,Yemen (North Yemen): Government,Yemen (North Yemen),109
2018,Comando Vermelho - GDE,Brazil,108
2017,anti-Balaka - Civilians,Central African Republic,108
2020,Jalisco Cartel New Generation - Sinaloa Cartel,Mexico,108
2015,Nigeria: Islamic State,Nigeria,108
2010,Sudan: Government,Sudan,108
2012,Syria: Government,Syria,108
2013,Syria: Government,Syria,108
2015,Syria: Government,Syria,108
2021,Yemen (North Yemen): Government,Yemen (North Yemen),108
2015,Afghanistan: Government,Afghanistan,107
2007,IS - Civilians,Iraq,107
2020,Jalisco Cartel New Generation - Sinaloa Cartel,Mexico,107
2021,Jalisco Cartel New Generation - Sinaloa Cartel,Mexico,107
2021,Somalia: Government,Somalia,107
2006,Sri Lanka (Ceylon): Eelam,Sri Lanka,107
2017,IS - SDF,Syria,107
2017,Afghanistan: Government,Afghanistan,106
2020,Comando Vermelho - FDN,Brazil,106
2014,Iraq: Government,Iraq,106
2021,Jalisco Cartel New Generation - Nueva Plaza Cartel,Mexico,106
2021,Jalisco Cartel New Generation - Santa Rosa de Lima Cartel,Mexico,106
2020,Nigeria: Islamic State,Nigeria,106
2001,Sri Lanka (Ceylon): Eelam,Sri Lanka,106
2007,Afghanistan: Government,Afghanistan,105
2001,Hema - Lendu,Dem. Rep. of the Congo,105
2015,IS - Civilians,Iraq,105
2012,Toubou  - Zuwaya,Libya,105
2020,Jalisco Cartel New Generation - Santa Rosa de Lima Cartel,Mexico,105
2005,Government of Sudan - Civilians,Sudan,105
2016,Syria: Government,Syria,105
2002,Government of Dem. Rep. of the Congo - Civilians,Dem. Rep. of the Congo,104
2003,FNI - Civilians,Dem. Rep. of the Congo,104
2020,Juarez Cartel - Sinaloa Cartel,Mexico,104
2017,Fulani - Mambila,Nigeria,104
2011,Sudan: Government,Sudan,104
2016,Turkey: Islamic State,Syria,104
2015,"IS - Jaysh al-Sanadid, Khabour Guards, MFS, PYD",Syria,104
2015,"IS - Jaysh al-Sanadid, MFS, PYD",Syria,104
2019,Jalisco Cartel New Generation - Sinaloa Cartel,Mexico,103
2021,Jalisco Cartel New Generation - Santa Rosa de Lima Cartel,Mexico,103
2012,Khatumo administration - Republic of Somaliland,Somalia,103
2006,Sri Lanka (Ceylon): Eelam,Sri Lanka,103
2001,Sudan: Government,Sudan,103
2013,Syria: Government,Syria,103
2007,Afghanistan: Government,Afghanistan,102
2018,Afghanistan: Government,Afghanistan,102
2020,Comando Vermelho - GDE,Brazil,102
2005,IS - Civilians,Iraq,102
2011,Myanmar (Burma): Karen,Myanmar (Burma),102
2014,Nigeria: Government,Nigeria,102
2007,Somalia: Government,Somalia,102
2009,Sri Lanka (Ceylon): Eelam,Sri Lanka,102
2019,IS - Civilians,Sri Lanka,102
2010,Sudan: Government,Sudan,102
2010,Sudan: Government,Sudan,102
2013,Syria: Islamic State,Syria,102
2013,"IS, Syrian insurgents - Civilians",Syria,102
2017,Afghanistan: Government,Afghanistan,101
2017,Government of Ethiopia - Civilians,Ethiopia,101
2015,Iraq: Government,Iraq,101
2015,Iraq: Government,Iraq,101
2011,Nigeria: Government,Nigeria,101
2015,Nigeria: Government,Nigeria,101
2021,Nigeria: Islamic State,Nigeria,101
2021,IS - Jama'atu Ahlis Sunna Lidda'awati wal-Jihad,Nigeria,101
2017,Somalia: Government,Somalia,101
2016,Lou Nuer - Murle,South Sudan,101
2013,Beni Hussein - Rizeigat Abbala,Sudan,101
2013,Syria: Government,Syria,101
2015,Syria: Islamic State,Syria,101
2019,Afghanistan: Government,Afghanistan,100
2021,Afghanistan: Government,Afghanistan,100
2001,Afghanistan: Government,Afghanistan,100
2001,United States of America: Government,Afghanistan,100
2002,United States of America: Government,Afghanistan,100
2001,"Afghanistan - United Kingdom, United States of America",Afghanistan,100
2016,Taleban - High Council of Afghanistan Islamic Emirate,Afghanistan,100
2014,Christians (CAR) - Muslims (CAR),Central African Republic,100
2014,anti-Balaka - Civilians,Central African Republic,100
2014,FPRC - Civilians,Central African Republic,100
2002,Colombia: Government,Colombia,100
2017,Uganda: Government,Dem. Rep. of the Congo,100
2012,Government of Dem. Rep. of the Congo - Civilians,Dem. Rep. of the Congo,100
2001,RCD - Civilians,Dem. Rep. of the Congo,100
2009,LRA - Civilians,Dem. Rep. of the Congo,100
2003,FNI - Civilians,Dem. Rep. of the Congo,100
2004,Mayi Mayi - Chinja Chinja - Civilians,Dem. Rep. of the Congo,100
2002,UPC - Civilians,Dem. Rep. of the Congo,100
2019,CNPSC - Civilians,Dem. Rep. of the Congo,100
2002,Hema - Lendu,Dem. Rep. of the Congo,100
2017,Bana Mura - Civilians,Dem. Rep. of the Congo,100
2021,Ethiopia: Government,Ethiopia,100
2021,Government of Eritrea - Civilians,Ethiopia,100
2021,Government of Eritrea - Civilians,Ethiopia,100
2021,Government of Eritrea - Civilians,Ethiopia,100
2006,Borana - Guji,Ethiopia,100
2006,Majerteen subclan (Darod) - Marehan subclan (Darod),Ethiopia,100
2001,Amhara - Oromo,Ethiopia,100
2020,"Government of Eritrea, Government of Ethiopia - Civilians",Ethiopia,100
2021,"Government of Eritrea, Government of Ethiopia - Civilians",Ethiopia,100
2021,"Government of Eritrea, Government of Ethiopia - Civilians",Ethiopia,100
2006,Iraq: Government,Iraq,100
2014,Iraq: Government,Iraq,100
2014,Iraq: Government,Iraq,100
2015,Iraq: Government,Iraq,100
2021,Juarez Cartel - Sinaloa Cartel,Mexico,100
2020,Jalisco Cartel New Generation - Sinaloa Cartel,Mexico,100
2007,Myanmar (Burma): Nagaland,Myanmar (Burma),100
2014,Nigeria: Government,Nigeria,100
2015,Nigeria: Government,Nigeria,100
2015,Jama'atu Ahlis Sunna Lidda'awati wal-Jihad - Civilians,Nigeria,100
2015,Jama'atu Ahlis Sunna Lidda'awati wal-Jihad - Civilians,Nigeria,100
2003,Fulani - Yugur,Nigeria,100
2002,Hausa - Yoruba,Nigeria,100
2005,Izzi (Igbo) - Ukele,Nigeria,100
2014,Christians (Nigeria) - Muslims (Nigeria),Nigeria,100
2015,Nigeria: Islamic State,Nigeria,100
2010,Pakistan: Government,Pakistan,100
2007,Somalia: Government,Somalia,100
2011,Somalia: Government,Somalia,100
2012,Somalia: Government,Somalia,100
2012,Somalia: Government,Somalia,100
2015,Dinka  - Nuer,South Sudan,100
2014,South Sudan: Government,South Sudan,100
2017,South Sudan: Government,South Sudan,100
2009,Sri Lanka (Ceylon): Eelam,Sri Lanka,100
2009,Sri Lanka (Ceylon): Eelam,Sri Lanka,100
2009,Sri Lanka (Ceylon): Eelam,Sri Lanka,100
2003,Sudan: Government,Sudan,100
2005,Government of Sudan - Civilians,Sudan,100
2005,Government of Sudan - Civilians,Sudan,100
2017,Syria: Government,Syria,100
2019,Syria: Government,Syria,100
2017,Syria: Islamic State,Syria,100
2014,Yemen (North Yemen): Government,Yemen (North Yemen),100
2021,Yemen (North Yemen): Government,Yemen (North Yemen),100
2021,Yemen (North Yemen): Government,Yemen (North Yemen),100
2021,Yemen (North Yemen): Government,Yemen (North Yemen),100
