,Year,Country of origin,Country of origin (ISO),Country of asylum,Country of asylum (ISO),Recognized decisions,Complementary protection,Rejected decisions,Otherwise closed,Total decisions
24028,2001,Romania,ROU,Slovenia,SVN,0,0,0,48,48
23217,2001,Bosnia and Herzegovina,BIH,France,FRA,166,0,181,0,347
22192,2001,Georgia,GEO,Australia,AUS,0,0,12,0,12
23504,2001,Albania,ALB,Netherlands,NLD,0,0,73,86,159
23531,2001,Ethiopia,ETH,Netherlands,NLD,0,14,148,72,234
64030,2001,Uzbekistan,UZB,United States of America,USA,88,0,99,10,197
23433,2001,Libya,LBY,Ireland,IRL,5,0,12,21,38
2206,2001,Albania,ALB,Belgium,BEL,5,0,15,0,20
23677,2001,Albania,ALB,New Zealand,NZL,0,0,5,0,5
23545,2001,Iran (Islamic Rep. of),IRN,Netherlands,NLD,10,77,1025,890,2002
22985,2001,Guyana,GUY,Canada,CAN,5,0,70,38,113
23189,2001,Latvia,LVA,Finland,FIN,0,5,0,0,5
79406,2001,Sierra Leone,SLE,Pakistan,PAK,0,0,5,0,5
79295,2001,Uganda,UGA,Kenya,KEN,25,0,28,71,124
63927,2001,Cambodia,KHM,United States of America,USA,11,0,36,5,52
22293,2001,Uzbekistan,UZB,Czechia,CZE,0,0,10,0,10
23715,2001,South Africa,ZAF,New Zealand,NZL,0,0,10,0,10
23242,2001,Iraq,IRQ,France,FRA,133,0,184,0,317
23829,2001,Bulgaria,BGR,South Africa,ZAF,0,0,96,12,108
42,2001,Nepal,NPL,Australia,AUS,0,0,52,12,64
79483,2001,Djibouti,DJI,Yemen,YEM,0,0,5,0,5
16560,2001,North Macedonia,MKD,Austria,AUT,0,0,71,0,71
68770,2001,Bhutan,BTN,Germany,DEU,0,0,19,0,19
16587,2001,Bosnia and Herzegovina,BIH,Italy,ITA,15,15,15,0,45
23054,2001,United Rep. of Tanzania,TZA,Canada,CAN,147,0,22,10,179
23986,2001,Iraq,IRQ,Slovakia,SVK,0,0,11,623,634
22952,2001,Central African Rep.,CAF,Canada,CAN,5,0,0,0,5
2424,2001,Niger,NER,Netherlands,NLD,0,0,0,22,22
22837,2001,Burundi,BDI,Benin,BEN,11,0,0,0,11
63969,2001,Kazakhstan,KAZ,United States of America,USA,19,0,33,0,52
22874,2001,Russian Federation,RUS,Belarus,BLR,0,0,0,5,5
79472,2001,India,IND,United Arab Emirates,ARE,0,0,0,5,5
23534,2001,Gambia,GMB,Netherlands,NLD,0,0,13,5,18
24103,2001,Russian Federation,RUS,Sweden,SWE,0,14,477,66,557
24217,2001,Chad,TCD,Uganda,UGA,0,0,5,0,5
2359,2001,Iran (Islamic Rep. of),IRN,Japan,JPN,0,0,5,0,5
23789,2001,Russian Federation,RUS,Portugal,PRT,0,0,0,5,5
2397,2001,Guinea,GIN,Netherlands,NLD,5,37,0,291,333
23807,2001,Liberia,LBR,Romania,ROU,0,0,5,0,5
24247,2001,Burundi,BDI,Zambia,ZMB,90,0,5,0,95
13861,2001,Venezuela (Bolivarian Republic of),VEN,United States of America,USA,5,0,10,29,44
23887,2001,Chad,TCD,Senegal,SEN,0,0,5,0,5
70907,2001,Libya,LBY,Germany,DEU,0,0,0,10,10
22247,2001,Uzbekistan,UZB,Australia,AUS,0,0,14,0,14
16574,2001,Sudan,SDN,Austria,AUT,5,0,24,0,29
23514,2001,Burkina Faso,BFA,Netherlands,NLD,0,0,19,10,29
23035,2001,Qatar,QAT,Canada,CAN,0,0,5,5,10
63930,2001,China,CHN,United States of America,USA,4092,0,3359,939,8390
79149,2001,Bangladesh,BGD,Bosnia and Herzegovina,BIH,0,0,0,12,12
78929,2001,Dem. Rep. of the Congo,COD,Algeria,DZA,0,0,101,0,101
23046,2001,Somalia,SOM,Canada,CAN,516,0,42,61,619
23978,2001,China,CHN,Slovakia,SVK,0,0,0,27,27
24219,2001,Eritrea,ERI,Uganda,UGA,0,0,0,10,10
23782,2001,Gambia,GMB,Portugal,PRT,0,0,0,13,13
2214,2001,Belarus,BLR,Belgium,BEL,0,0,24,5,29
13826,2001,Philippines,PHL,United States of America,USA,37,0,89,268,394
23451,2001,Sierra Leone,SLE,Ireland,IRL,20,0,76,94,190
79257,2001,Jordan,JOR,Israel,ISR,0,0,5,0,5
23278,2001,Algeria,DZA,Greece,GRC,0,0,10,5,15
2292,2001,Russian Federation,RUS,Denmark,DNK,22,30,69,0,121
22790,2001,Belarus,BLR,Belgium,BEL,5,0,34,0,39
70927,2001,Sierra Leone,SLE,Germany,DEU,0,0,10,54,64
79334,2001,Guinea,GIN,Mauritania,MRT,0,0,0,5,5
23301,2001,Somalia,SOM,Greece,GRC,0,0,5,0,5
23166,2001,Bolivia (Plurinational State of),BOL,Finland,FIN,0,0,0,5,5
23338,2001,Dem. Rep. of the Congo,COD,Hungary,HUN,0,5,10,5,20
68823,2001,Nepal,NPL,Germany,DEU,5,0,114,5,124
22294,2001,Stateless,XXA,Czechia,CZE,0,0,14,16,30
79153,2001,Iraq,IRQ,Bosnia and Herzegovina,BIH,11,0,5,25,41
62,2001,Tonga,TON,Australia,AUS,0,0,10,0,10
2375,2001,Bangladesh,BGD,Netherlands,NLD,0,0,0,21,21
23325,2001,Sierra Leone,SLE,Croatia,HRV,0,0,5,0,5
23766,2001,Senegal,SEN,Poland,POL,0,0,0,5,5
79147,2001,Afghanistan,AFG,Bosnia and Herzegovina,BIH,0,0,0,5,5
63958,2001,Honduras,HND,United States of America,USA,10,0,69,68,147
16562,2001,Mongolia,MNG,Austria,AUT,0,0,5,0,5
24140,2001,Bulgaria,BGR,Switzerland,CHE,0,0,76,95,171
24198,2001,Somalia,SOM,Switzerland,CHE,22,341,342,80,785
78947,2001,Rwanda,RWA,Dem. Rep. of the Congo,COD,11,23,15,0,49
2511,2001,India,IND,Sweden,SWE,0,5,27,0,32
79269,2001,Eritrea,ERI,Jordan,JOR,0,0,11,0,11
24152,2001,Eritrea,ERI,Switzerland,CHE,5,27,166,16,214
24091,2001,Sri Lanka,LKA,Sweden,SWE,0,5,59,32,96
23653,2001,Pakistan,PAK,Norway,NOR,10,155,115,25,305
2536,2001,Rwanda,RWA,Sweden,SWE,0,5,10,0,15
79535,2002,Liberia,LBR,China,CHN,0,0,5,0,5
16722,2002,Turkey,TUR,Italy,ITA,138,50,2705,0,2893
2665,2002,Iraq,IRQ,France,FRA,44,0,62,0,106
64147,2002,Syrian Arab Rep.,SYR,United States of America,USA,20,0,28,10,58
24836,2002,Cambodia,KHM,France,FRA,69,0,114,0,183
22380,2002,Syrian Arab Rep.,SYR,Czechia,CZE,5,0,0,16,21
24343,2002,Mongolia,MNG,Australia,AUS,0,0,83,0,83
2714,2002,Latvia,LVA,Ireland,IRL,5,0,34,5,44
2595,2002,Serbia and Kosovo: S/RES/1244 (1999),SRB,Belgium,BEL,10,0,198,51,259
68945,2002,Ukraine,UKR,Germany,DEU,10,5,471,108,594
25034,2002,Ukraine,UKR,Iceland,ISL,0,0,5,0,5
24281,2002,Iraq,IRQ,Argentina,ARG,0,0,5,0,5
206,2002,Turkey,TUR,Czechia,CZE,0,0,0,5,5
25521,2002,Guinea-Bissau,GNB,Portugal,PRT,0,0,5,0,5
25520,2002,Cuba,CUB,Portugal,PRT,5,0,5,0,10
13896,2002,China,CHN,United States of America,USA,808,0,4239,2688,7735
234,2002,Rep. of Moldova,MDA,United Kingdom of Great Britain and Northern Ireland,GBR,25,0,245,20,290
25694,2002,Slovakia,SVK,Spain,ESP,0,0,5,0,5
24572,2002,Croatia,HRV,Canada,CAN,5,0,5,0,10
70994,2002,Egypt,EGY,Germany,DEU,0,0,0,41,41
2771,2002,Dem. Rep. of the Congo,COD,Netherlands,NLD,5,56,362,61,484
24298,2002,Bangladesh,BGD,Australia,AUS,0,0,218,10,228
25281,2002,Romania,ROU,Netherlands,NLD,0,0,37,26,63
25544,2002,Georgia,GEO,Romania,ROU,0,0,11,0,11
2567,2002,Dem. Rep. of the Congo,COD,Belgium,BEL,18,0,147,38,208
24987,2002,Angola,AGO,Hungary,HUN,0,5,5,0,10
24452,2002,Azerbaijan,AZE,Belarus,BLR,0,0,0,13,13
25671,2002,Liberia,LBR,Spain,ESP,0,0,5,21,26
25084,2002,Malawi,MWI,Ireland,IRL,0,0,5,5,10
24687,2002,Afghanistan,AFG,Denmark,DNK,632,136,948,0,1716
25001,2002,Iran (Islamic Rep. of),IRN,Hungary,HUN,5,21,27,106,159
25141,2002,China,CHN,Kyrgyzstan,KGZ,10,0,0,0,10
2614,2002,Dem. Rep. of the Congo,COD,Denmark,DNK,0,0,23,0,23
24943,2002,Jordan,JOR,Greece,GRC,0,0,11,0,11
24619,2002,Poland,POL,Canada,CAN,75,0,88,61,224
24760,2002,Armenia,ARM,Estonia,EST,0,0,5,0,5
2698,2002,Georgia,GEO,Ireland,IRL,15,0,39,0,54
2911,2002,Liberia,LBR,Sweden,SWE,0,0,5,0,5
25852,2002,Uzbekistan,UZB,Sweden,SWE,5,12,350,48,415
24824,2002,Afghanistan,AFG,France,FRA,89,0,175,0,264
24799,2002,Rep. of Moldova,MDA,Finland,FIN,0,0,11,0,11
25413,2002,Ethiopia,ETH,New Zealand,NZL,5,0,5,0,10
2787,2002,Indonesia,IDN,Netherlands,NLD,0,5,19,5,29
2738,2002,Uzbekistan,UZB,Ireland,IRL,5,0,15,5,25
25855,2002,Zimbabwe,ZWE,Sweden,SWE,0,5,5,0,10
113,2002,Colombia,COL,Australia,AUS,19,0,72,5,96
25731,2002,Senegal,SEN,Slovakia,SVK,0,0,11,0,11
25024,2002,Albania,ALB,Iceland,ISL,0,0,5,10,15
25468,2002,Iran (Islamic Rep. of),IRN,Philippines,PHL,5,0,0,0,5
24364,2002,Sudan,SDN,Australia,AUS,5,0,0,0,5
24324,2002,Indonesia,IDN,Australia,AUS,0,0,1405,118,1523
79664,2002,Tunisia,TUN,Lebanon,LBN,0,0,5,5,10
2659,2002,Georgia,GEO,France,FRA,61,0,282,0,343
25051,2002,Cameroon,CMR,Ireland,IRL,31,0,103,94,228
2900,2002,Guinea,GIN,Sweden,SWE,0,0,19,0,19
24935,2002,Eritrea,ERI,Greece,GRC,0,0,43,0,43
25354,2002,India,IND,Norway,NOR,0,0,14,0,14
24340,2002,North Macedonia,MKD,Australia,AUS,0,0,40,0,40
16649,2002,Israel,ISR,Austria,AUT,0,0,0,17,17
22411,2002,Nigeria,NGA,United Kingdom of Great Britain and Northern Ireland,GBR,25,75,675,335,1110
25033,2002,Slovakia,SVK,Iceland,ISL,0,0,5,0,5
70979,2002,Serbia and Kosovo: S/RES/1244 (1999),SRB,France,FRA,102,0,0,0,102
16716,2002,Serbia and Kosovo: S/RES/1244 (1999),SRB,Italy,ITA,94,198,915,0,1207
25646,2002,Bosnia and Herzegovina,BIH,Spain,ESP,0,0,17,16,33
64067,2002,Czechia,CZE,United States of America,USA,0,0,5,0,5
24304,2002,Cambodia,KHM,Australia,AUS,0,0,27,0,27
79670,2002,Sierra Leone,SLE,Mauritania,MRT,40,0,0,0,40
24907,2002,Equatorial Guinea,GNQ,Gabon,GAB,5,0,11,0,16
24913,2002,Rwanda,RWA,Gabon,GAB,16,0,5,0,21
75675,2002,Myanmar,MMR,India,IND,14,0,18,0,32
24318,2002,Germany,DEU,Australia,AUS,0,0,0,5,5
25311,2002,Central African Rep.,CAF,Nigeria,NGA,0,0,5,0,5
24334,2002,Lao People's Dem. Rep.,LAO,Australia,AUS,0,0,10,0,10
24492,2002,Albania,ALB,Bulgaria,BGR,5,0,0,0,5
2800,2002,Sri Lanka,LKA,Netherlands,NLD,10,87,387,57,541
24647,2002,United Arab Emirates,ARE,Canada,CAN,0,0,0,12,12
24294,2002,Egypt,EGY,Australia,AUS,14,0,49,0,63
2797,2002,Liberia,LBR,Netherlands,NLD,5,24,105,30,164
79756,2002,Albania,ALB,Serbia and Kosovo: S/RES/1244 (1999),SRB,0,0,5,0,5
13965,2002,Mongolia,MNG,United States of America,USA,0,0,5,5,10
25593,2002,Uganda,UGA,South Africa,ZAF,26,0,41,38,105
2691,2002,Cambodia,KHM,Ireland,IRL,12,0,44,5,61
24348,2002,Pakistan,PAK,Australia,AUS,0,0,118,5,123
16663,2002,Mongolia,MNG,Austria,AUT,0,0,19,45,64
25803,2002,Cote d'Ivoire,CIV,Sweden,SWE,5,0,10,0,15
26145,2003,Syrian Arab Rep.,SYR,Belgium,BEL,5,0,185,16,206
2961,2003,Bulgaria,BGR,Belgium,BEL,0,0,10,5,15
25980,2003,Turkey,TUR,Albania,ALB,0,0,5,5,10
3196,2003,Armenia,ARM,Netherlands,NLD,23,15,144,39,221
64222,2003,India,IND,United States of America,USA,283,0,541,787,1611
27154,2003,Rep. of Moldova,MDA,Netherlands,NLD,0,0,20,10,30
26771,2003,Singapore,SGP,United Kingdom of Great Britain and Northern Ireland,GBR,0,0,0,5,5
26307,2003,Rep. of Korea,KOR,Canada,CAN,79,0,127,103,309
67005,2003,Georgia,GEO,Ukraine,UKR,0,0,5,0,5
26370,2003,United Arab Emirates,ARE,Canada,CAN,13,0,0,0,13
27542,2003,Cote d'Ivoire,CIV,Slovakia,SVK,0,0,0,5,5
3090,2003,China,CHN,France,FRA,5,0,2153,0,2158
27538,2003,Cuba,CUB,Slovakia,SVK,0,0,0,5,5
80078,2003,Sudan,SDN,Saudi Arabia,SAU,0,0,13,5,18
279,2003,Ghana,GHA,Australia,AUS,0,0,26,0,26
27084,2003,Syrian Arab Rep.,SYR,Malta,MLT,0,0,5,0,5
27085,2003,Turkey,TUR,Malta,MLT,0,0,11,0,11
79855,2003,Russian Federation,RUS,Azerbaijan,AZE,42,0,0,0,42
14140,2003,Serbia and Kosovo: S/RES/1244 (1999),SRB,United States of America,USA,179,0,316,202,697
27754,2003,Sri Lanka,LKA,Switzerland,CHE,50,160,393,133,736
26073,2003,Tonga,TON,Australia,AUS,0,0,58,10,68
27055,2003,Mauritania,MRT,Mali,MLI,28,0,0,0,28
26965,2003,Nigeria,NGA,Ireland,IRL,21,0,1789,395,2205
26003,2003,Sierra Leone,SLE,Argentina,ARG,18,0,0,5,23
27516,2003,Sierra Leone,SLE,Spain,ESP,0,0,39,133,175
80100,2003,Afghanistan,AFG,Turkey,TUR,53,0,37,23,113
26109,2003,Guinea-Bissau,GNB,Belgium,BEL,0,0,0,5,5
22448,2003,Ethiopia,ETH,Djibouti,DJI,16,0,200,0,216
27125,2003,Gambia,GMB,Netherlands,NLD,0,0,5,0,5
80011,2003,Iran (Islamic Rep. of),IRN,Lebanon,LBN,0,0,5,0,5
26991,2003,Cameroon,CMR,Japan,JPN,0,0,16,5,21
79895,2003,India,IND,Cyprus,CYP,0,0,5,0,5
3213,2003,Ethiopia,ETH,Netherlands,NLD,5,5,66,21,97
71141,2003,Estonia,EST,Germany,DEU,0,0,0,5,5
26449,2003,Syrian Arab Rep.,SYR,Czechia,CZE,5,0,0,5,10
3350,2003,Honduras,HND,Sweden,SWE,0,5,5,0,10
26265,2003,Czechia,CZE,Canada,CAN,5,0,18,10,33
64297,2003,Zimbabwe,ZWE,United States of America,USA,115,0,159,10,284
26561,2003,Pakistan,PAK,Finland,FIN,0,0,12,0,12
26937,2003,Palestinian,PSE,Ireland,IRL,10,0,10,10,30
27617,2003,Dem. Rep. of the Congo,COD,Sweden,SWE,0,10,59,5,74
26987,2003,Stateless,XXA,Ireland,IRL,0,0,22,14,36
27517,2003,Somalia,SOM,Spain,ESP,0,0,59,58,117
79971,2003,Turkey,TUR,Iran (Islamic Rep. of),IRN,0,0,0,11,11
26007,2003,Afghanistan,AFG,Australia,AUS,20,0,10,0,30
14092,2003,Jamaica,JAM,United States of America,USA,5,0,50,67,122
26115,2003,Iraq,IRQ,Belgium,BEL,16,0,26,28,70
3129,2003,Czechia,CZE,Ireland,IRL,22,0,126,13,161
27661,2003,Niger,NER,Sweden,SWE,0,0,5,0,5
14114,2003,Mexico,MEX,United States of America,USA,64,0,612,11699,12375
26613,2003,Guyana,GUY,France,FRA,0,0,73,0,73
26510,2003,Peru,PER,Ecuador,ECU,0,0,14,0,14
27063,2003,Sudan,SDN,Malawi,MWI,0,0,0,5,5
71102,2003,Myanmar,MMR,France,FRA,5,0,0,0,5
26344,2003,Russian Federation,RUS,Canada,CAN,178,0,123,73,374
68968,2003,Central African Rep.,CAF,Germany,DEU,0,0,5,0,5
292,2003,Kyrgyzstan,KGZ,Australia,AUS,5,0,0,0,5
2988,2003,Serbia and Kosovo: S/RES/1244 (1999),SRB,Belgium,BEL,25,0,129,29,183
26523,2003,Angola,AGO,Finland,FIN,0,24,22,0,46
26679,2003,Angola,AGO,United Kingdom of Great Britain and Northern Ireland,GBR,36,474,849,136,1495
16793,2003,Eritrea,ERI,Italy,ITA,83,0,289,0,372
27493,2003,Iraq,IRQ,Spain,ESP,5,0,17,50,73
27458,2003,Albania,ALB,Spain,ESP,0,0,0,10,10
3392,2003,Togo,TGO,Sweden,SWE,0,0,5,0,5
26489,2003,Nigeria,NGA,Denmark,DNK,0,0,30,0,30
26802,2003,Sierra Leone,SLE,Ghana,GHA,0,0,0,716,716
26049,2003,Mongolia,MNG,Australia,AUS,0,0,13,0,13
64177,2003,Bangladesh,BGD,United States of America,USA,43,0,124,129,296
27214,2003,Bulgaria,BGR,Norway,NOR,0,0,84,29,113
79862,2003,Iran (Islamic Rep. of),IRN,Bosnia and Herzegovina,BIH,0,0,0,5,5
26775,2003,Sudan,SDN,United Kingdom of Great Britain and Northern Ireland,GBR,139,24,604,138,905
71193,2003,Yemen,YEM,Germany,DEU,0,0,0,21,21
79969,2003,Somalia,SOM,Iran (Islamic Rep. of),IRN,0,0,19,0,19
26670,2003,Nigeria,NGA,Gabon,GAB,0,0,0,19,19
79858,2003,Turkey,TUR,Azerbaijan,AZE,0,0,0,5,5
27856,2003,Uganda,UGA,Zimbabwe,ZWE,14,0,0,0,14
79920,2003,Ethiopia,ETH,"China, Hong Kong SAR",HKG,5,0,0,0,5
27792,2003,Uganda,UGA,Switzerland,CHE,0,0,0,14,14
26872,2003,Cameroon,CMR,Hungary,HUN,5,0,0,5,10
27553,2003,Mongolia,MNG,Slovakia,SVK,0,0,5,0,5
26601,2003,Dem. Rep. of the Congo,COD,France,FRA,845,0,7315,0,8160
27323,2003,Palestinian,PSE,Peru,PER,5,0,0,0,5
26985,2003,Zambia,ZMB,Ireland,IRL,0,0,5,0,5
26885,2003,Sri Lanka,LKA,Hungary,HUN,0,0,0,11,11
26096,2003,Chad,TCD,Belgium,BEL,5,0,0,0,5
28349,2004,Cuba,CUB,Ecuador,ECU,10,0,0,0,10
28305,2004,Bangladesh,BGD,Denmark,DNK,0,0,23,0,23
13673,2004,Armenia,ARM,Switzerland,CHE,0,12,0,0,12
69096,2004,Jamaica,JAM,Germany,DEU,0,0,5,0,5
80241,2004,Yemen,YEM,Jordan,JOR,0,0,0,5,5
28593,2004,Morocco,MAR,Greece,GRC,0,0,10,0,10
29406,2004,Myanmar,MMR,Sweden,SWE,0,5,10,5,20
16919,2004,Angola,AGO,Finland,FIN,0,46,10,5,61
14300,2004,Singapore,SGP,United States of America,USA,5,0,5,5,15
80214,2004,Nigeria,NGA,Croatia,HRV,0,0,0,5,5
80200,2004,Dem. Rep. of the Congo,COD,China,CHN,0,0,0,5,5
3730,2004,Guinea,GIN,Norway,NOR,0,0,24,0,24
437,2004,Kenya,KEN,United Kingdom of Great Britain and Northern Ireland,GBR,25,0,270,20,315
69056,2004,Angola,AGO,Germany,DEU,0,29,212,13,254
27894,2004,Dem. Rep. of the Congo,COD,Burundi,BDI,1521,0,490,0,2011
71299,2004,Myanmar,MMR,Germany,DEU,0,0,0,10,10
80254,2004,Chad,TCD,Libya,LBY,0,0,5,5,10
3718,2004,Bosnia and Herzegovina,BIH,Norway,NOR,0,22,171,0,193
17074,2004,Rep. of Moldova,MDA,Romania,ROU,0,0,5,0,5
64424,2004,Ukraine,UKR,United States of America,USA,36,0,119,45,200
412,2004,Thailand,THA,Australia,AUS,0,0,59,16,75
17023,2004,Russian Federation,RUS,Italy,ITA,5,0,43,0,48
3544,2004,Serbia and Kosovo: S/RES/1244 (1999),SRB,France,FRA,144,0,599,117,860
69071,2004,Cameroon,CMR,Germany,DEU,0,14,585,15,614
28521,2004,Nigeria,NGA,United Kingdom of Great Britain and Northern Ireland,GBR,5,47,971,164,1187
28066,2004,Stateless,XXA,Bulgaria,BGR,0,10,22,32,64
80317,2004,Iran (Islamic Rep. of),IRN,Ukraine,UKR,5,0,14,0,19
28390,2004,Iran (Islamic Rep. of),IRN,France,FRA,41,0,118,0,159
29565,2004,Guinea-Bissau,GNB,Ukraine,UKR,0,0,0,5,5
71253,2004,Algeria,DZA,Germany,DEU,0,0,5,247,252
13710,2004,Russian Federation,RUS,Switzerland,CHE,0,34,0,0,34
29356,2004,Bosnia and Herzegovina,BIH,Sweden,SWE,10,33,872,66,981
27905,2004,Burkina Faso,BFA,Belgium,BEL,0,0,5,0,5
29375,2004,Ghana,GHA,Sweden,SWE,0,0,30,0,30
64356,2004,Iran (Islamic Rep. of),IRN,United States of America,USA,141,0,118,95,354
29558,2004,China,CHN,Ukraine,UKR,0,0,0,12,12
3489,2004,Dem. Rep. of the Congo,COD,Denmark,DNK,0,0,5,0,5
28141,2004,Jamaica,JAM,Canada,CAN,47,0,282,47,376
77781,2004,Turkey,TUR,Indonesia,IDN,0,0,0,5,5
3775,2004,Stateless,XXA,Norway,NOR,0,10,298,0,308
28464,2004,Dem. Rep. of the Congo,COD,United Kingdom of Great Britain and Northern Ireland,GBR,65,190,1796,206,2257
28315,2004,Palestinian,PSE,Denmark,DNK,10,0,70,0,80
27908,2004,Bulgaria,BGR,Belgium,BEL,0,0,12,0,12
71241,2004,Somalia,SOM,France,FRA,5,0,0,0,5
28651,2004,Georgia,GEO,Hungary,HUN,0,10,77,147,234
28386,2004,Guinea,GIN,France,FRA,79,0,1090,0,1169
16963,2004,Ukraine,UKR,Finland,FIN,0,0,15,0,15
64425,2004,Uruguay,URY,United States of America,USA,0,0,5,31,36
28330,2004,Myanmar,MMR,Denmark,DNK,0,0,5,0,5
77850,2004,Stateless,XXA,Saudi Arabia,SAU,0,0,0,5,5
14249,2004,Jamaica,JAM,United States of America,USA,5,0,45,63,113
3459,2004,Bangladesh,BGD,Cyprus,CYP,0,0,12,0,12
28165,2004,Morocco,MAR,Canada,CAN,34,0,22,5,61
28815,2004,Russian Federation,RUS,Liechtenstein,LIE,0,0,10,10,20
14284,2004,Panama,PAN,United States of America,USA,10,0,5,12,27
3553,2004,Armenia,ARM,Hungary,HUN,0,0,10,0,10
13677,2004,Bangladesh,BGD,Switzerland,CHE,0,117,0,0,117
29344,2004,Albania,ALB,Sweden,SWE,0,0,275,45,320
28091,2004,Belize,BLZ,Canada,CAN,0,0,5,0,5
28250,2004,Lebanon,LBN,Cyprus,CYP,5,0,26,26,57
77820,2004,Afghanistan,AFG,Pakistan,PAK,121,0,3444,4410,7975
77629,2004,Palestinian,PSE,Syrian Arab Rep.,SYR,0,0,5,0,5
75293,2004,Congo,COG,Cote d'Ivoire,CIV,23,5,37,0,65
80234,2004,Lebanon,LBN,Jordan,JOR,5,0,0,0,5
67017,2004,Afghanistan,AFG,Japan,JPN,0,0,0,15,15
3943,2004,Iraq,IRQ,Ukraine,UKR,0,0,5,13,18
28787,2004,Dem. Rep. of the Congo,COD,Japan,JPN,0,0,5,0,5
28495,2004,Japan,JPN,United Kingdom of Great Britain and Northern Ireland,GBR,0,0,0,5,5
77873,2004,Pakistan,PAK,Thailand,THA,0,0,11,10,21
64370,2004,Saint Lucia,LCA,United States of America,USA,0,0,5,0,5
3571,2004,Viet Nam,VNM,Hungary,HUN,0,0,26,0,26
77867,2004,Lao People's Dem. Rep.,LAO,Thailand,THA,44,0,12,391,447
28559,2004,Cote d'Ivoire,CIV,Guinea-Bissau,GNB,15,0,0,0,15
28111,2004,Eritrea,ERI,Canada,CAN,148,0,5,10,163
3697,2004,Sudan,SDN,Netherlands,NLD,5,18,133,63,219
77758,2004,Ethiopia,ETH,"China, Hong Kong SAR",HKG,5,0,5,0,10
29150,2004,Burundi,BDI,South Africa,ZAF,121,0,0,0,121
29058,2004,Turkey,TUR,Norway,NOR,0,17,95,19,131
27940,2004,Lebanon,LBN,Belgium,BEL,0,0,49,18,67
16988,2004,Central African Rep.,CAF,Italy,ITA,5,0,0,0,5
14174,2004,Afghanistan,AFG,United States of America,USA,58,0,35,75,168
28418,2004,Slovakia,SVK,France,FRA,0,0,40,0,40
29033,2004,North Macedonia,MKD,Norway,NOR,0,0,39,10,49
16895,2004,United Rep. of Tanzania,TZA,Austria,AUT,0,0,5,0,5
29243,2004,Liberia,LBR,Spain,ESP,5,5,10,104,124
31187,2005,Slovakia,SVK,Switzerland,CHE,0,0,5,0,5
30338,2005,Georgia,GEO,Greece,GRC,0,0,170,1755,1925
29886,2005,Fiji,FJI,Canada,CAN,11,0,14,0,25
14387,2005,Guatemala,GTM,United States of America,USA,142,0,824,1865,2831
64513,2005,Mexico,MEX,United States of America,USA,55,0,946,675,1676
80453,2005,China,CHN,Thailand,THA,28,0,28,11,67
31073,2005,Myanmar,MMR,Sweden,SWE,0,0,14,0,14
30937,2005,Dem. Rep. of the Congo,COD,Senegal,SEN,0,0,33,0,33
31166,2005,Rep. of Moldova,MDA,Switzerland,CHE,0,5,23,46,74
30168,2005,Mauritania,MRT,France,FRA,64,0,1501,0,1565
30697,2005,Rwanda,RWA,Netherlands,NLD,30,75,33,15,153
64465,2005,Czechia,CZE,United States of America,USA,0,0,13,11,24
30795,2005,Sudan,SDN,Norway,NOR,12,5,22,11,50
3981,2005,Kazakhstan,KAZ,Belgium,BEL,0,0,5,53,58
64511,2005,North Macedonia,MKD,United States of America,USA,0,0,20,14,34
30881,2005,Turkey,TUR,Portugal,PRT,5,0,0,0,5
3990,2005,Pakistan,PAK,Belgium,BEL,10,0,108,18,136
31060,2005,Lao People's Dem. Rep.,LAO,Sweden,SWE,0,0,10,0,10
29876,2005,Cuba,CUB,Canada,CAN,115,0,22,29,166
30234,2005,Georgia,GEO,United Kingdom of Great Britain and Northern Ireland,GBR,5,0,96,26,127
14479,2005,Yemen,YEM,United States of America,USA,10,0,41,22,73
64497,2005,Kazakhstan,KAZ,United States of America,USA,10,0,47,5,62
17383,2005,Gambia,GMB,Spain,ESP,0,0,23,53,76
77891,2005,Ethiopia,ETH,Egypt,EGY,38,0,118,69,225
80359,2005,Angola,AGO,"China, Hong Kong SAR",HKG,0,0,0,5,5
30996,2005,North Macedonia,MKD,Slovenia,SVN,0,0,23,62,85
14373,2005,Ethiopia,ETH,United States of America,USA,264,0,189,178,631
30335,2005,Dem. Rep. of the Congo,COD,Greece,GRC,5,0,29,5,39
30989,2005,Georgia,GEO,Slovenia,SVN,0,0,14,0,14
17364,2005,Burkina Faso,BFA,Spain,ESP,0,0,0,5,5
77667,2005,Stateless,XXA,Syrian Arab Rep.,SYR,0,0,5,0,5
4286,2005,Serbia and Kosovo: S/RES/1244 (1999),SRB,New Zealand,NZL,5,0,0,0,5
77976,2005,Pakistan,PAK,Oman,OMN,0,0,0,5,5
80396,2005,Syrian Arab Rep.,SYR,Jordan,JOR,10,0,0,11,21
4179,2005,Turkey,TUR,Netherlands,NLD,0,12,16,67,95
30577,2005,Somalia,SOM,Mexico,MEX,15,0,5,5,25
30583,2005,Liberia,LBR,Mali,MLI,0,0,20,0,20
80478,2005,Sudan,SDN,Thailand,THA,0,0,5,5,10
29778,2005,Dem. Rep. of the Congo,COD,Benin,BEN,22,0,5,0,27
17402,2005,Mali,MLI,Spain,ESP,0,0,80,192,272
16461,2005,Eritrea,ERI,Israel,ISR,0,0,0,5,5
29847,2005,Angola,AGO,Canada,CAN,19,0,24,5,48
4121,2005,Algeria,DZA,Iceland,ISL,0,0,5,0,5
17157,2005,Syrian Arab Rep.,SYR,Austria,AUT,53,5,14,24,96
17359,2005,Armenia,ARM,Spain,ESP,5,0,66,26,97
31125,2005,Chad,TCD,Switzerland,CHE,0,0,5,0,5
4155,2005,Liberia,LBR,Netherlands,NLD,0,5,5,25,35
30835,2005,Zimbabwe,ZWE,New Zealand,NZL,5,0,0,0,5
30195,2005,Uzbekistan,UZB,France,FRA,5,0,34,0,39
30579,2005,Central African Rep.,CAF,Mali,MLI,0,0,5,0,5
30655,2005,Gabon,GAB,Netherlands,NLD,0,5,0,0,5
4205,2005,Czechia,CZE,Norway,NOR,0,0,10,0,10
17196,2005,Sudan,SDN,Brazil,BRA,5,0,0,5,10
80427,2005,Liberia,LBR,Morocco,MAR,5,0,15,0,20
64498,2005,Kenya,KEN,United States of America,USA,89,0,159,52,300
17263,2005,Afghanistan,AFG,Italy,ITA,12,54,25,0,91
17371,2005,Chile,CHL,Spain,ESP,0,0,0,5,5
29865,2005,Belize,BLZ,Canada,CAN,0,0,5,0,5
4374,2005,Philippines,PHL,Sweden,SWE,0,15,20,0,35
4246,2005,Sudan,SDN,Norway,NOR,0,0,32,0,32
4313,2005,Azerbaijan,AZE,Sweden,SWE,0,93,2265,61,2419
4112,2005,Sierra Leone,SLE,Hungary,HUN,0,0,5,0,5
30401,2005,Serbia and Kosovo: S/RES/1244 (1999),SRB,Croatia,HRV,0,0,27,5,32
31085,2005,El Salvador,SLV,Sweden,SWE,0,0,12,0,12
30971,2005,Pakistan,PAK,Slovakia,SVK,0,0,58,164,222
14341,2005,Bahrain,BHR,United States of America,USA,0,0,5,0,5
80510,2005,Uzbekistan,UZB,Turkey,TUR,29,0,5,0,34
17099,2005,Azerbaijan,AZE,Austria,AUT,26,5,18,20,69
71441,2005,Serbia and Kosovo: S/RES/1244 (1999),SRB,Germany,DEU,5,45,118,5316,5484
69233,2005,Slovakia,SVK,Germany,DEU,0,0,60,5,65
31193,2005,Tunisia,TUN,Switzerland,CHE,71,0,22,33,126
30570,2005,Sri Lanka,LKA,Mexico,MEX,0,0,0,10,10
17274,2005,Ethiopia,ETH,Italy,ITA,103,488,134,0,725
31208,2005,Afghanistan,AFG,Ukraine,UKR,27,0,130,79,236
30782,2005,Morocco,MAR,Norway,NOR,0,0,11,5,16
29749,2005,Niger,NER,Belgium,BEL,0,0,101,39,140
69231,2005,Sudan,SDN,Germany,DEU,10,0,246,22,278
14345,2005,Benin,BEN,United States of America,USA,0,0,13,0,13
29756,2005,Serbia and Kosovo: S/RES/1244 (1999),SRB,Belgium,BEL,166,0,185,362,713
69165,2005,Bosnia and Herzegovina,BIH,Germany,DEU,0,11,308,55,374
3971,2005,Dem. Rep. of the Congo,COD,Belgium,BEL,21,0,248,87,356
64449,2005,Bosnia and Herzegovina,BIH,United States of America,USA,16,0,15,0,31
14465,2005,Thailand,THA,United States of America,USA,0,0,10,18,28
14437,2005,Paraguay,PRY,United States of America,USA,0,0,0,12,12
508,2005,Thailand,THA,Australia,AUS,0,0,15,5,20
71557,2006,Morocco,MAR,Germany,DEU,0,0,0,21,21
78082,2006,Iraq,IRQ,Mauritania,MRT,5,0,0,0,5
71473,2006,Cameroon,CMR,France,FRA,37,5,0,0,42
31577,2006,Kyrgyzstan,KGZ,Canada,CAN,5,0,0,0,5
32097,2006,Ethiopia,ETH,Ireland,IRL,10,0,15,0,25
14493,2006,Burundi,BDI,United States of America,USA,12,0,5,10,27
78044,2006,Ethiopia,ETH,Cuba,CUB,24,0,0,0,24
31367,2006,Gambia,GMB,Belgium,BEL,5,0,0,0,5
32870,2006,Rep. of Moldova,MDA,Ukraine,UKR,0,0,0,24,24
31614,2006,El Salvador,SLV,Canada,CAN,57,0,109,5,171
31681,2006,Sri Lanka,LKA,Cyprus,CYP,0,0,276,346,622
31503,2006,Ukraine,UKR,Bulgaria,BGR,0,0,5,0,5
17444,2006,Cote d'Ivoire,CIV,Angola,AGO,61,0,65,0,126
4551,2006,Syrian Arab Rep.,SYR,Denmark,DNK,12,0,0,0,12
31984,2006,United Rep. of Tanzania,TZA,United Kingdom of Great Britain and Northern Ireland,GBR,0,0,18,0,18
32213,2006,Palestinian,PSE,Malta,MLT,0,0,16,0,16
32035,2006,Cameroon,CMR,Hungary,HUN,5,0,0,0,5
32759,2006,Dem. Rep. of the Congo,COD,Switzerland,CHE,15,192,149,34,390
31435,2006,Somalia,SOM,Benin,BEN,0,0,0,5,5
32157,2006,Serbia and Kosovo: S/RES/1244 (1999),SRB,Liechtenstein,LIE,0,33,0,5,38
17642,2006,India,IND,Italy,ITA,0,14,158,0,172
663,2006,Sudan,SDN,United Kingdom of Great Britain and Northern Ireland,GBR,130,0,385,20,550
31456,2006,Dem. Rep. of the Congo,COD,Botswana,BWA,5,0,0,5,10
32079,2006,Albania,ALB,Ireland,IRL,0,0,36,10,46
17615,2006,Burundi,BDI,Italy,ITA,0,10,0,0,10
71487,2006,India,IND,France,FRA,12,0,0,0,12
31995,2006,Yemen,YEM,United Kingdom of Great Britain and Northern Ireland,GBR,5,5,52,5,67
31764,2006,Poland,POL,Denmark,DNK,0,0,0,5,5
32264,2006,Ghana,GHA,Netherlands,NLD,0,0,10,5,15
597,2006,Latvia,LVA,Australia,AUS,5,0,0,0,5
31466,2006,Colombia,COL,Brazil,BRA,75,5,26,10,116
75323,2006,Haiti,HTI,Ecuador,ECU,5,0,0,0,5
4748,2006,Romania,ROU,Norway,NOR,0,0,5,0,5
31416,2006,Uzbekistan,UZB,Belgium,BEL,5,0,23,31,59
4817,2006,Iraq,IRQ,Ukraine,UKR,0,0,41,28,69
14495,2006,Benin,BEN,United States of America,USA,0,0,5,5,10
31950,2006,Kuwait,KWT,United Kingdom of Great Britain and Northern Ireland,GBR,59,5,90,16,170
69292,2006,Kyrgyzstan,KGZ,Germany,DEU,0,0,12,5,17
32882,2006,Turkey,TUR,Ukraine,UKR,0,0,10,0,10
32533,2006,Ethiopia,ETH,Russian Federation,RUS,0,0,10,0,10
75789,2006,Uganda,UGA,Kenya,KEN,14,0,0,0,14
17604,2006,Turkey,TUR,Greece,GRC,0,0,115,15,130
32286,2006,Rep. of Moldova,MDA,Netherlands,NLD,0,0,12,0,12
86302,2006,China,CHN,Thailand,THA,0,0,5,0,5
4536,2006,Ethiopia,ETH,Denmark,DNK,0,0,5,0,5
4694,2006,Uganda,UGA,Netherlands,NLD,0,14,0,0,14
75768,2006,Nepal,NPL,"China, Hong Kong SAR",HKG,0,0,10,27,37
32707,2006,Nigeria,NGA,Sweden,SWE,0,0,73,30,103
31514,2006,Azerbaijan,AZE,Canada,CAN,37,0,0,0,37
71516,2006,Uzbekistan,UZB,France,FRA,12,0,0,0,12
31782,2006,Belarus,BLR,Finland,FIN,0,0,64,23,87
32775,2006,Cote d'Ivoire,CIV,Switzerland,CHE,14,10,118,35,177
17559,2006,Burundi,BDI,Greece,GRC,0,0,14,10,24
78021,2006,Serbia and Kosovo: S/RES/1244 (1999),SRB,Bosnia and Herzegovina,BIH,5,0,16,0,21
80652,2006,Iran (Islamic Rep. of),IRN,Syrian Arab Rep.,SYR,143,0,13,0,156
31328,2006,Stateless,XXA,Australia,AUS,5,0,5,0,10
32114,2006,Libya,LBY,Ireland,IRL,0,0,5,5,10
32619,2006,Belarus,BLR,Slovakia,SVK,0,0,0,11,11
4575,2006,Albania,ALB,Ireland,IRL,11,0,21,0,32
4534,2006,Cameroon,CMR,Denmark,DNK,0,0,5,0,5
31391,2006,Malawi,MWI,Belgium,BEL,0,0,5,0,5
64600,2006,Ecuador,ECU,United States of America,USA,5,0,15,31,51
17573,2006,Guinea,GIN,Greece,GRC,0,0,30,0,30
32090,2006,Brazil,BRA,Ireland,IRL,0,0,0,12,12
31540,2006,Dominica,DMA,Canada,CAN,5,0,0,5,10
32199,2006,Togo,TGO,Mali,MLI,0,0,10,0,10
31459,2006,Somalia,SOM,Botswana,BWA,10,0,0,0,10
80568,2006,Togo,TGO,"China, Hong Kong SAR",HKG,0,0,22,5,27
71488,2006,Iran (Islamic Rep. of),IRN,France,FRA,24,5,0,0,29
32464,2006,Sri Lanka,LKA,Poland,POL,0,5,0,0,5
31669,2006,Dem. Rep. of the Congo,COD,Cyprus,CYP,0,0,5,0,5
31815,2006,Russian Federation,RUS,Finland,FIN,20,25,89,21,155
31333,2006,India,IND,Azerbaijan,AZE,0,0,5,0,5
32772,2006,Guinea-Bissau,GNB,Switzerland,CHE,0,0,16,16,32
31820,2006,Slovakia,SVK,Finland,FIN,0,0,5,0,5
31778,2006,Egypt,EGY,Finland,FIN,0,0,5,0,5
4591,2006,Palestinian,PSE,Ireland,IRL,5,0,15,0,20
32537,2006,Dem. People's Rep. of Korea,PRK,Russian Federation,RUS,0,0,5,0,5
4590,2006,Gambia,GMB,Ireland,IRL,0,0,5,0,5
32054,2006,Romania,ROU,Hungary,HUN,0,0,19,10,29
606,2006,Papua New Guinea,PNG,Australia,AUS,12,0,5,0,17
14593,2006,Russian Federation,RUS,United States of America,USA,391,0,201,503,1095
17457,2006,Burundi,BDI,Austria,AUT,0,0,0,5,5
32859,2006,Guinea,GIN,Ukraine,UKR,0,0,0,5,5
32355,2006,Ghana,GHA,Norway,NOR,0,0,5,5,10
33727,2007,Liberia,LBR,Italy,ITA,5,19,63,0,87
5153,2007,Yemen,YEM,Norway,NOR,0,0,0,5,5
34017,2007,Uganda,UGA,Norway,NOR,5,0,11,0,16
34195,2007,Albania,ALB,Slovenia,SVN,0,0,5,16,21
34061,2007,Algeria,DZA,Poland,POL,0,0,5,5,10
33323,2007,Comoros,COM,France,FRA,0,0,68,0,68
78256,2007,Congo,COG,Mauritania,MRT,5,0,0,0,5
33075,2007,Liberia,LBR,Burkina Faso,BFA,0,0,0,98,98
34150,2007,Guinea,GIN,Senegal,SEN,0,0,21,0,21
80887,2007,Iran (Islamic Rep. of),IRN,Syrian Arab Rep.,SYR,106,0,24,0,130
32924,2007,India,IND,Australia,AUS,12,0,339,5,356
765,2007,Uganda,UGA,United Kingdom of Great Britain and Northern Ireland,GBR,30,0,115,15,160
78267,2007,Afghanistan,AFG,Pakistan,PAK,505,0,662,335,1502
78275,2007,Somalia,SOM,Sudan,SDN,5,0,0,0,5
64758,2007,Iraq,IRQ,United States of America,USA,326,0,74,21,421
4883,2007,Morocco,MAR,Czechia,CZE,0,0,5,0,5
71632,2007,Rwanda,RWA,France,FRA,59,0,0,0,59
18073,2007,Rwanda,RWA,Gabon,GAB,0,0,0,5,5
13594,2007,Ukraine,UKR,Italy,ITA,0,33,5,42,80
64797,2007,Romania,ROU,United States of America,USA,18,0,37,175,230
18106,2007,Eritrea,ERI,Malawi,MWI,0,0,0,505,505
33613,2007,Ukraine,UKR,Iceland,ISL,0,0,0,5,5
78218,2007,Nigeria,NGA,Indonesia,IDN,0,0,5,19,24
18145,2007,Azerbaijan,AZE,Spain,ESP,10,0,0,0,10
13546,2007,Burkina Faso,BFA,Italy,ITA,0,5,0,0,5
86315,2007,China,CHN,Thailand,THA,5,0,0,21,26
71606,2007,Georgia,GEO,France,FRA,92,22,0,0,114
71659,2007,Cuba,CUB,Germany,DEU,0,0,0,5,5
33183,2007,Ghana,GHA,Czechia,CZE,0,0,10,0,10
13547,2007,Belarus,BLR,Italy,ITA,0,11,0,5,16
17960,2007,Hungary,HUN,Canada,CAN,5,0,13,10,28
5030,2007,Armenia,ARM,Netherlands,NLD,5,21,11,25,62
18108,2007,Rwanda,RWA,Malawi,MWI,127,0,1680,415,2222
64807,2007,Sudan,SDN,United States of America,USA,74,0,49,5,128
5199,2007,Armenia,ARM,Sweden,SWE,0,10,82,14,106
5269,2007,United States of America,USA,Sweden,SWE,0,0,0,5,5
80795,2007,Sudan,SDN,Kuwait,KWT,0,0,0,5,5
33993,2007,Rep. of Moldova,MDA,Norway,NOR,0,0,5,0,5
33969,2007,Eritrea,ERI,Norway,NOR,119,241,18,127,505
17880,2007,Algeria,DZA,Bulgaria,BGR,0,0,5,0,5
33460,2007,South Africa,ZAF,United Kingdom of Great Britain and Northern Ireland,GBR,0,5,100,42,147
4958,2007,Bhutan,BTN,Ireland,IRL,0,0,5,0,5
5064,2007,Nigeria,NGA,Netherlands,NLD,0,5,11,5,21
33164,2007,Viet Nam,VNM,Cyprus,CYP,0,0,0,5,5
71675,2007,Kenya,KEN,Germany,DEU,0,0,0,5,5
78180,2007,Central African Rep.,CAF,Cameroon,CMR,998,0,441,622,2061
80851,2007,Iran (Islamic Rep. of),IRN,Morocco,MAR,0,0,0,5,5
18051,2007,Colombia,COL,Ecuador,ECU,866,2071,3403,105,6445
5250,2007,Rwanda,RWA,Sweden,SWE,0,0,12,0,12
13563,2007,Guinea,GIN,Italy,ITA,0,5,0,0,5
5060,2007,Mali,MLI,Netherlands,NLD,0,5,0,0,5
75906,2007,Nepal,NPL,Thailand,THA,0,0,17,5,22
34304,2007,Uzbekistan,UZB,Sweden,SWE,19,283,459,79,840
33927,2007,Turkey,TUR,Netherlands,NLD,5,28,108,157,298
14650,2007,Chad,TCD,United States of America,USA,15,0,5,10,30
5205,2007,Bolivia (Plurinational State of),BOL,Sweden,SWE,0,5,469,62,536
18178,2007,Kyrgyzstan,KGZ,Spain,ESP,0,0,5,0,5
32979,2007,Benin,BEN,Belgium,BEL,0,0,13,0,13
80863,2007,Uganda,UGA,Morocco,MAR,0,0,5,12,17
33709,2007,Dem. Rep. of the Congo,COD,Italy,ITA,12,20,5,0,37
33167,2007,Turkey,TUR,Cyprus,CYP,13,5,25,57,100
64780,2007,Malaysia,MYS,United States of America,USA,5,0,0,5,10
80908,2007,Somalia,SOM,Thailand,THA,25,0,0,0,25
34046,2007,Bolivia (Plurinational State of),BOL,Peru,PER,5,0,0,0,5
33289,2007,Rwanda,RWA,Finland,FIN,0,5,0,0,5
32905,2007,Iran (Islamic Rep. of),IRN,Armenia,ARM,0,0,5,5,10
17803,2007,Egypt,EGY,Austria,AUT,10,0,41,21,72
5126,2007,Myanmar,MMR,Norway,NOR,0,12,0,0,12
730,2007,Burundi,BDI,United Kingdom of Great Britain and Northern Ireland,GBR,20,0,45,5,70
34002,2007,Philippines,PHL,Norway,NOR,0,0,5,0,5
33932,2007,Yemen,YEM,Netherlands,NLD,0,0,5,5,10
33695,2007,Egypt,EGY,Italy,ITA,0,5,48,0,53
33071,2007,Cameroon,CMR,Burkina Faso,BFA,0,0,0,5,5
33708,2007,Congo,COG,Italy,ITA,27,58,12,0,97
13595,2007,Uruguay,URY,Italy,ITA,0,0,0,5,5
5108,2007,Cote d'Ivoire,CIV,Norway,NOR,0,0,5,5,10
34191,2007,Turkey,TUR,Slovakia,SVK,0,0,5,5,10
33769,2007,Sudan,SDN,Japan,JPN,0,0,0,5,5
69381,2007,Kyrgyzstan,KGZ,Germany,DEU,0,0,13,0,13
34338,2007,Eritrea,ERI,Switzerland,CHE,443,86,151,214,894
33935,2007,Dem. Rep. of the Congo,COD,Niger,NER,5,0,5,0,10
33971,2007,Gambia,GMB,Norway,NOR,0,0,0,10,10
80803,2007,Sudan,SDN,Lebanon,LBN,24,10,215,10,259
75156,2007,Guinea,GIN,Israel,ISR,0,0,11,0,11
69339,2007,Albania,ALB,Germany,DEU,0,5,67,20,92
35821,2008,Iran (Islamic Rep. of),IRN,Russian Federation,RUS,0,0,5,0,5
14790,2008,Fiji,FJI,United States of America,USA,17,0,10,43,70
34538,2008,Bhutan,BTN,Belgium,BEL,0,0,27,0,27
18310,2008,Israel,ISR,Costa Rica,CRI,5,0,0,0,5
35060,2008,Sierra Leone,SLE,France,FRA,22,10,129,0,161
64845,2008,Brazil,BRA,United States of America,USA,36,0,54,35,125
78390,2008,Syrian Arab Rep.,SYR,Yemen,YEM,0,0,5,0,5
18234,2008,Benin,BEN,Austria,AUT,0,0,0,5,5
36052,2008,Tajikistan,TJK,Sweden,SWE,0,0,12,0,12
35645,2008,Pakistan,PAK,Nicaragua,NIC,0,0,0,5,5
35369,2008,Benin,BEN,Italy,ITA,0,12,40,0,52
81130,2008,Chad,TCD,Saudi Arabia,SAU,0,0,5,0,5
35973,2008,Algeria,DZA,Sweden,SWE,0,10,80,31,121
35542,2008,Liberia,LBR,Malta,MLT,0,0,19,0,19
35731,2008,Afghanistan,AFG,New Zealand,NZL,0,0,5,0,5
81159,2008,Egypt,EGY,Syrian Arab Rep.,SYR,0,0,0,12,12
35789,2008,Sierra Leone,SLE,Poland,POL,0,0,0,5,5
18405,2008,Dem. Rep. of the Congo,COD,Portugal,PRT,5,5,0,0,10
34482,2008,United Kingdom of Great Britain and Northern Ireland,GBR,Australia,AUS,0,0,5,5,10
5463,2008,Viet Nam,VNM,Ireland,IRL,0,0,5,0,5
80988,2008,Afghanistan,AFG,India,IND,140,0,177,84,401
35223,2008,Philippines,PHL,Greece,GRC,0,0,55,0,55
22485,2008,Haiti,HTI,Argentina,ARG,11,0,5,0,16
64928,2008,El Salvador,SLV,United States of America,USA,260,0,3934,5176,9370
18346,2008,Dem. Rep. of the Congo,COD,Guinea,GIN,0,0,0,43,43
75945,2008,Ethiopia,ETH,India,IND,5,0,0,0,5
18312,2008,Peru,PER,Costa Rica,CRI,0,0,5,0,5
64895,2008,Rep. of Korea,KOR,United States of America,USA,0,0,0,5,5
64951,2008,Uganda,UGA,United States of America,USA,58,0,32,10,100
34844,2008,Ecuador,ECU,Colombia,COL,0,0,5,0,5
35623,2008,Somalia,SOM,Netherlands,NLD,35,1451,817,0,2303
34726,2008,Cuba,CUB,Canada,CAN,93,0,22,25,140
34826,2008,Zimbabwe,ZWE,Canada,CAN,188,0,60,14,262
18327,2008,Rep. of Korea,KOR,Ecuador,ECU,0,0,5,0,5
81086,2008,Sri Lanka,LKA,Malaysia,MYS,957,0,22,283,1262
34972,2008,Guinea,GIN,Finland,FIN,0,0,5,0,5
35015,2008,Central African Rep.,CAF,France,FRA,45,5,97,0,147
81018,2008,Egypt,EGY,Jordan,JOR,12,0,0,0,12
69473,2008,Mali,MLI,Germany,DEU,0,0,5,5,10
35627,2008,United Rep. of Tanzania,TZA,Netherlands,NLD,0,0,5,0,5
35002,2008,Algeria,DZA,France,FRA,83,63,806,0,952
35714,2008,Senegal,SEN,Norway,NOR,0,0,5,0,5
35607,2008,Mali,MLI,Netherlands,NLD,0,0,5,0,5
78387,2008,Iran (Islamic Rep. of),IRN,Yemen,YEM,5,0,0,0,5
34521,2008,Tibetan,TIB,Australia,AUS,5,0,0,0,5
34582,2008,Mongolia,MNG,Belgium,BEL,5,0,24,0,29
18313,2008,El Salvador,SLV,Costa Rica,CRI,0,0,13,0,13
35019,2008,Congo,COG,France,FRA,183,22,715,0,920
35898,2008,Jordan,JOR,Spain,ESP,0,0,0,5,5
76000,2008,Sri Lanka,LKA,Thailand,THA,5,0,39,5,49
35327,2008,Iran (Islamic Rep. of),IRN,Ireland,IRL,10,0,39,17,66
35780,2008,Madagascar,MDG,Poland,POL,0,0,5,0,5
34502,2008,Pakistan,PAK,Australia,AUS,134,0,67,0,201
14816,2008,Lao People's Dem. Rep.,LAO,United States of America,USA,5,0,5,13,23
34675,2008,Congo,COG,Bulgaria,BGR,0,0,5,0,5
5471,2008,Zimbabwe,ZWE,Ireland,IRL,5,0,34,5,44
18246,2008,Estonia,EST,Austria,AUT,5,0,0,0,5
69433,2008,Burundi,BDI,Germany,DEU,5,0,5,0,10
81118,2008,Sierra Leone,SLE,Morocco,MAR,0,0,5,13,18
35779,2008,Sri Lanka,LKA,Poland,POL,0,16,5,5,26
34843,2008,Cuba,CUB,Colombia,COL,0,0,66,0,66
14835,2008,Nigeria,NGA,United States of America,USA,14,0,22,45,81
35849,2008,Gambia,GMB,Senegal,SEN,0,0,5,0,5
78304,2008,Myanmar,MMR,Bangladesh,BGD,64,0,41,10,115
14807,2008,Iraq,IRQ,United States of America,USA,92,0,16,32,140
35509,2008,Guatemala,GTM,Mexico,MEX,0,0,5,11,16
18379,2008,Cote d'Ivoire,CIV,Rep. of Korea,KOR,0,0,5,0,5
35956,2008,Turkey,TUR,Slovakia,SVK,0,0,5,0,5
14828,2008,Malawi,MWI,United States of America,USA,0,0,0,5,5
5545,2008,Turkmenistan,TKM,Norway,NOR,0,0,5,0,5
35613,2008,Niger,NER,Netherlands,NLD,0,0,5,0,5
64939,2008,Sweden,SWE,United States of America,USA,0,0,0,5,5
36062,2008,Yemen,YEM,Sweden,SWE,12,0,63,14,89
5658,2008,Togo,TGO,Sweden,SWE,0,0,11,0,11
5555,2008,China,CHN,New Zealand,NZL,14,0,0,0,14
64850,2008,Canada,CAN,United States of America,USA,0,0,0,5,5
35795,2008,Tunisia,TUN,Poland,POL,0,0,0,5,5
35857,2008,Sudan,SDN,Senegal,SEN,0,0,5,0,5
35868,2008,Burkina Faso,BFA,Spain,ESP,0,0,0,10,10
856,2008,Viet Nam,VNM,United Kingdom of Great Britain and Northern Ireland,GBR,5,0,15,0,20
34953,2008,Belarus,BLR,Estonia,EST,5,0,0,0,5
35241,2008,Cuba,CUB,Honduras,HND,0,0,0,17,17
16503,2008,Cote d'Ivoire,CIV,Liberia,LBR,37,0,0,12,49
34647,2008,Burundi,BDI,Brazil,BRA,0,0,5,0,5
34499,2008,Nepal,NPL,Australia,AUS,10,0,31,0,41
18454,2009,Azerbaijan,AZE,Austria,AUT,25,5,92,31,153
18625,2009,Bangladesh,BGD,Rep. of Korea,KOR,21,0,24,10,55
81516,2009,Tunisia,TUN,Syrian Arab Rep.,SYR,5,0,0,0,5
5973,2009,Israel,ISR,New Zealand,NZL,0,0,5,0,5
5778,2009,Morocco,MAR,Denmark,DNK,0,0,5,0,5
81357,2009,Iran (Islamic Rep. of),IRN,Israel,ISR,0,0,0,11,11
36539,2009,Botswana,BWA,Canada,CAN,19,0,10,18,47
76147,2009,Ethiopia,ETH,Turkey,TUR,0,0,0,5,5
37204,2009,Zimbabwe,ZWE,Ireland,IRL,5,0,104,10,119
76112,2009,Angola,AGO,Morocco,MAR,0,0,5,0,5
5758,2009,Philippines,PHL,Czechia,CZE,0,0,0,31,31
37200,2009,Togo,TGO,Ireland,IRL,0,0,14,0,14
38101,2009,Tunisia,TUN,Switzerland,CHE,27,5,10,101,143
37919,2009,Algeria,DZA,Sweden,SWE,5,0,83,49,137
37799,2009,Egypt,EGY,Spain,ESP,0,0,14,0,14
69559,2009,Mali,MLI,Germany,DEU,0,0,5,0,5
69575,2009,Somalia,SOM,Germany,DEU,121,41,12,29,203
18644,2009,Uzbekistan,UZB,Rep. of Korea,KOR,5,0,0,0,5
65034,2009,Saint Lucia,LCA,United States of America,USA,0,0,0,5,5
37778,2009,Iran (Islamic Rep. of),IRN,Serbia and Kosovo: S/RES/1244 (1999),SRB,0,0,0,13,13
36591,2009,Kenya,KEN,Canada,CAN,46,0,5,5,56
37282,2009,El Salvador,SLV,Italy,ITA,0,10,12,5,27
37675,2009,Nepal,NPL,Poland,POL,0,0,0,5,5
36694,2009,Indonesia,IDN,Cyprus,CYP,0,0,0,11,11
5897,2009,Bhutan,BTN,Norway,NOR,0,0,24,0,24
14901,2009,Costa Rica,CRI,United States of America,USA,0,0,5,13,18
69518,2009,Belarus,BLR,Germany,DEU,0,0,27,13,40
36613,2009,Namibia,NAM,Canada,CAN,5,0,5,0,10
64993,2009,Djibouti,DJI,United States of America,USA,5,0,0,11,16
78429,2009,Palestinian,PSE,Malaysia,MYS,53,0,0,15,68
76119,2009,Liberia,LBR,Morocco,MAR,0,0,10,0,10
5707,2009,Venezuela (Bolivarian Republic of),VEN,Colombia,COL,0,0,5,0,5
38068,2009,Lebanon,LBN,Switzerland,CHE,0,15,5,22,42
81382,2009,Turkey,TUR,Israel,ISR,0,0,0,233,233
38072,2009,Mauritania,MRT,Switzerland,CHE,0,0,5,38,43
5717,2009,Cote d'Ivoire,CIV,Cyprus,CYP,0,0,0,5,5
36530,2009,Burundi,BDI,Canada,CAN,211,0,52,5,268
36375,2009,Cyprus,CYP,Belgium,BEL,0,0,0,5,5
36486,2009,Sierra Leone,SLE,Brazil,BRA,0,0,5,0,5
37854,2009,Pakistan,PAK,Spain,ESP,10,0,52,0,62
36924,2009,Afghanistan,AFG,United Kingdom of Great Britain and Northern Ireland,GBR,220,1227,1388,1144,3979
18591,2009,Libya,LBY,Hungary,HUN,0,0,5,0,5
37545,2009,Colombia,COL,Norway,NOR,0,0,0,11,11
37252,2009,Georgia,GEO,Italy,ITA,5,30,44,5,84
37700,2009,Algeria,DZA,South Africa,ZAF,5,0,48,0,53
37053,2009,Sierra Leone,SLE,Guinea-Bissau,GNB,5,0,27,0,32
81281,2009,Iran (Islamic Rep. of),IRN,Azerbaijan,AZE,5,0,0,0,5
5964,2009,Egypt,EGY,New Zealand,NZL,0,0,5,0,5
37579,2009,Morocco,MAR,Norway,NOR,0,0,21,29,50
18706,2009,Central African Rep.,CAF,Sudan,SDN,16,0,0,0,16
37831,2009,Guinea,GIN,Spain,ESP,0,0,83,0,83
38118,2009,Rwanda,RWA,Togo,TGO,0,0,0,44,44
36771,2009,Croatia,HRV,Denmark,DNK,0,0,5,0,5
18577,2009,Dem. Rep. of the Congo,COD,Hungary,HUN,5,0,0,0,5
37409,2009,Bangladesh,BGD,Malta,MLT,0,0,19,0,19
38145,2009,Colombia,COL,Uruguay,URY,15,0,0,10,25
37974,2009,Mauritania,MRT,Sweden,SWE,0,0,5,0,5
37448,2009,Bangladesh,BGD,Netherlands,NLD,0,0,14,0,14
37559,2009,India,IND,Norway,NOR,0,0,37,20,57
36366,2009,Bulgaria,BGR,Belgium,BEL,0,0,85,5,90
5846,2009,Myanmar,MMR,Ireland,IRL,0,0,13,0,13
36552,2009,Costa Rica,CRI,Canada,CAN,0,0,14,5,19
78422,2009,Pakistan,PAK,Sri Lanka,LKA,59,0,40,93,192
37387,2009,Peru,PER,Mexico,MEX,0,0,5,5,10
37407,2009,Uganda,UGA,Mozambique,MOZ,0,0,0,10,10
81551,2009,Guinea,GIN,Turkey,TUR,0,0,11,10,21
36499,2009,Ghana,GHA,Bulgaria,BGR,0,0,5,0,5
37493,2009,Nigeria,NGA,Netherlands,NLD,0,20,123,0,143
5899,2009,Belarus,BLR,Norway,NOR,0,0,12,0,12
5785,2009,Tunisia,TUN,Denmark,DNK,0,0,5,0,5
37177,2009,Israel,ISR,Ireland,IRL,0,0,12,0,12
65072,2009,Suriname,SUR,United States of America,USA,0,0,0,5,5
6014,2009,Ethiopia,ETH,Sweden,SWE,5,5,112,17,139
5744,2009,Belarus,BLR,Czechia,CZE,10,0,46,12,68
38130,2009,Guinea,GIN,Ukraine,UKR,0,0,10,5,15
65037,2009,Lithuania,LTU,United States of America,USA,5,0,0,0,5
6042,2009,Nicaragua,NIC,Sweden,SWE,0,0,26,5,31
71862,2009,Rwanda,RWA,Germany,DEU,0,0,0,5,5
5714,2009,Palestinian,PSE,Cyprus,CYP,5,5,10,5,25
76116,2009,Guinea,GIN,Morocco,MAR,0,0,5,0,5
78438,2009,Myanmar,MMR,Malaysia,MYS,33802,0,411,2084,36297
18448,2009,Afghanistan,AFG,Austria,AUT,587,535,585,267,1974
5759,2009,Russian Federation,RUS,Czechia,CZE,14,0,29,5,48
37227,2009,Angola,AGO,Italy,ITA,0,12,0,0,12
36387,2009,Guinea,GIN,Belgium,BEL,261,5,362,15,643
39742,2010,Morocco,MAR,Spain,ESP,0,5,49,5,59
76236,2010,Pakistan,PAK,Malaysia,MYS,0,0,10,0,10
39619,2010,Mali,MLI,South Africa,ZAF,0,0,34,0,34
38559,2010,Ethiopia,ETH,Colombia,COL,0,0,0,10,10
67113,2010,Ghana,GHA,Sweden,SWE,0,0,28,5,33
78488,2010,Eritrea,ERI,Cuba,CUB,5,0,0,5,10
38522,2010,United Rep. of Tanzania,TZA,Canada,CAN,27,0,5,10,42
39532,2010,Iran (Islamic Rep. of),IRN,New Zealand,NZL,5,0,20,0,25
6300,2010,Gabon,GAB,Norway,NOR,0,0,5,0,5
39468,2010,Croatia,HRV,Norway,NOR,0,0,12,0,12
6335,2010,Romania,ROU,Norway,NOR,0,0,5,0,5
38550,2010,Cote d'Ivoire,CIV,Congo,COG,0,0,22,0,22
38846,2010,Angola,AGO,United Kingdom of Great Britain and Northern Ireland,GBR,12,15,61,10,98
38508,2010,Singapore,SGP,Canada,CAN,5,0,0,0,5
39744,2010,Nigeria,NGA,Spain,ESP,0,0,162,10,172
976,2010,Rep. of Korea,KOR,Australia,AUS,5,0,25,0,30
39999,2010,United States of America,USA,Switzerland,CHE,0,0,0,5,5
39895,2010,Togo,TGO,Sweden,SWE,0,0,5,0,5
18880,2010,Dem. Rep. of the Congo,COD,Guinea,GIN,5,0,0,11,16
1000,2010,Syrian Arab Rep.,SYR,Australia,AUS,5,0,0,0,5
39220,2010,Peru,PER,Japan,JPN,0,5,0,0,5
38422,2010,Djibouti,DJI,Canada,CAN,51,0,5,0,56
38318,2010,Rwanda,RWA,Belgium,BEL,115,0,370,17,502
39211,2010,Iran (Islamic Rep. of),IRN,Japan,JPN,0,5,22,5,32
76193,2010,Iran (Islamic Rep. of),IRN,India,IND,13,0,0,0,13
76178,2010,India,IND,"China, Hong Kong SAR",HKG,0,0,23,0,23
71891,2010,Chad,TCD,France,FRA,34,0,0,0,34
18957,2010,Ghana,GHA,Romania,ROU,0,0,5,0,5
1005,2010,Ukraine,UKR,Australia,AUS,0,0,5,0,5
65139,2010,Guatemala,GTM,United States of America,USA,233,0,68,922,1223
81655,2010,Liberia,LBR,"China, Hong Kong SAR",HKG,0,0,10,0,10
81746,2010,Iraq,IRQ,Malaysia,MYS,63,0,0,15,78
65168,2010,Madagascar,MDG,United States of America,USA,5,0,0,0,5
39780,2010,Serbia and Kosovo: S/RES/1244 (1999),SRB,Slovakia,SVK,0,0,5,14,19
18769,2010,Ethiopia,ETH,Austria,AUT,12,5,5,5,27
39952,2010,Jordan,JOR,Switzerland,CHE,12,0,0,0,12
76172,2010,Sudan,SDN,Egypt,EGY,5,0,66,0,71
76228,2010,Cambodia,KHM,Malaysia,MYS,0,0,15,0,15
38188,2010,China,CHN,Australia,AUS,196,0,976,0,1172
65149,2010,Iraq,IRQ,United States of America,USA,210,0,12,42,264
69611,2010,China,CHN,Germany,DEU,62,5,391,24,482
39954,2010,Kenya,KEN,Switzerland,CHE,0,5,0,14,19
65192,2010,South Africa,ZAF,United States of America,USA,0,0,0,10,10
39232,2010,Armenia,ARM,Lithuania,LTU,0,0,5,16,21
38943,2010,Sudan,SDN,United Kingdom of Great Britain and Northern Ireland,GBR,397,17,142,117,673
72025,2010,Zimbabwe,ZWE,Germany,DEU,0,0,0,5,5
6397,2010,Georgia,GEO,Ukraine,UKR,0,0,5,0,5
38876,2010,Dominican Rep.,DOM,United Kingdom of Great Britain and Northern Ireland,GBR,0,0,5,0,5
67091,2010,Egypt,EGY,Sweden,SWE,5,0,81,38,124
39809,2010,Algeria,DZA,Sweden,SWE,0,0,89,44,133
19000,2010,Dem. Rep. of the Congo,COD,Zambia,ZMB,246,0,11,0,257
76188,2010,Egypt,EGY,India,IND,0,0,5,0,5
65126,2010,Ecuador,ECU,United States of America,USA,5,0,0,202,207
39763,2010,Venezuela (Bolivarian Republic of),VEN,Spain,ESP,0,0,14,0,14
38610,2010,Nepal,NPL,Cyprus,CYP,0,0,89,10,99
6168,2010,Iran (Islamic Rep. of),IRN,Denmark,DNK,34,14,52,0,100
81789,2010,Sudan,SDN,Qatar,QAT,0,0,0,5,5
38491,2010,Oman,OMN,Canada,CAN,5,0,0,0,5
76182,2010,Nepal,NPL,"China, Hong Kong SAR",HKG,0,0,24,0,24
38258,2010,Burundi,BDI,Belgium,BEL,38,0,122,10,170
38968,2010,Afghanistan,AFG,Greece,GRC,10,5,191,124,330
6391,2010,Bangladesh,BGD,Ukraine,UKR,0,0,0,5,5
38873,2010,Cyprus,CYP,United Kingdom of Great Britain and Northern Ireland,GBR,0,0,0,5,5
38687,2010,Morocco,MAR,Denmark,DNK,0,0,10,0,10
6219,2010,Congo,COG,Ireland,IRL,0,0,11,0,11
39024,2010,Algeria,DZA,Croatia,HRV,0,0,5,5,10
39894,2010,Turkmenistan,TKM,Sweden,SWE,0,0,11,0,11
38563,2010,China,CHN,Costa Rica,CRI,0,0,0,5,5
18926,2010,Russian Federation,RUS,Liechtenstein,LIE,0,0,14,18,32
38404,2010,Belarus,BLR,Canada,CAN,5,0,14,5,24
67064,2010,Colombia,COL,Netherlands,NLD,0,5,5,0,10
18918,2010,Philippines,PHL,Rep. of Korea,KOR,0,0,5,0,5
6215,2010,Bolivia (Plurinational State of),BOL,Ireland,IRL,0,0,5,0,5
81849,2010,Kuwait,KWT,Thailand,THA,0,0,5,5,10
38910,2010,Sri Lanka,LKA,United Kingdom of Great Britain and Northern Ireland,GBR,237,48,1695,137,2117
39320,2010,Ethiopia,ETH,Malta,MLT,0,10,15,5,30
39759,2010,Uganda,UGA,Spain,ESP,0,0,11,0,11
18755,2010,Benin,BEN,Austria,AUT,0,0,10,0,10
6122,2010,Iran (Islamic Rep. of),IRN,Cyprus,CYP,10,17,134,50,211
65095,2010,Angola,AGO,United States of America,USA,5,0,0,10,15
960,2010,China,CHN,Australia,AUS,172,0,587,45,804
86379,2010,Iraq,IRQ,Lebanon,LBN,0,0,5,0,5
71960,2010,Viet Nam,VNM,United Kingdom of Great Britain and Northern Ireland,GBR,0,0,0,10,10
72026,2010,Stateless,XXA,Germany,DEU,5,0,0,17,22
38756,2010,Romania,ROU,Finland,FIN,0,0,0,93,93
65351,2011,United Arab Emirates,ARE,United States of America,USA,5,0,0,0,5
72059,2011,Cameroon,CMR,Germany,DEU,0,0,0,13,13
41586,2011,Cuba,CUB,El Salvador,SLV,0,0,0,5,5
81974,2011,Myanmar,MMR,"China, Hong Kong SAR",HKG,0,0,5,0,5
82172,2011,Cote d'Ivoire,CIV,Trinidad and Tobago,TTO,0,0,5,0,5
41214,2011,Burundi,BDI,Namibia,NAM,22,0,13,41,76
40651,2011,Dem. Rep. of the Congo,COD,France,FRA,297,10,2327,0,2634
41284,2011,Mongolia,MNG,Netherlands,NLD,0,5,146,0,151
41054,2011,Iraq,IRQ,Italy,ITA,42,129,113,0,284
41794,2011,Sudan,SDN,Sweden,SWE,29,16,41,12,98
41897,2011,Uzbekistan,UZB,Switzerland,CHE,5,0,5,5,15
82098,2011,Iraq,IRQ,Oman,OMN,5,0,0,0,5
1019,2011,Cameroon,CMR,Australia,AUS,5,0,0,0,5
81997,2011,Afghanistan,AFG,Iran (Islamic Rep. of),IRN,105,0,175,1055,1335
41138,2011,Eritrea,ERI,Liechtenstein,LIE,0,5,0,0,5
19201,2011,Iran (Islamic Rep. of),IRN,Rep. of Korea,KOR,0,0,5,0,5
40917,2011,Tunisia,TUN,Croatia,HRV,0,0,0,14,14
15222,2011,United Kingdom of Great Britain and Northern Ireland,GBR,United States of America,USA,5,0,11,22,38
15302,2011,Suriname,SUR,United States of America,USA,0,0,0,12,12
40572,2011,Albania,ALB,Finland,FIN,0,0,0,5,5
40476,2011,Bosnia and Herzegovina,BIH,Cyprus,CYP,0,0,5,0,5
40975,2011,Ethiopia,ETH,Ireland,IRL,0,0,5,5,10
40989,2011,Mauritius,MUS,Ireland,IRL,0,0,15,0,15
40698,2011,Rwanda,RWA,France,FRA,88,0,89,0,177
6764,2011,Peru,PER,Sweden,SWE,0,0,10,0,10
41383,2011,Pakistan,PAK,Norway,NOR,5,5,81,30,121
19050,2011,Iran (Islamic Rep. of),IRN,Austria,AUT,275,11,100,37,423
40764,2011,Iran (Islamic Rep. of),IRN,United Kingdom of Great Britain and Northern Ireland,GBR,1147,126,1330,215,2818
6723,2011,Djibouti,DJI,Sweden,SWE,0,0,14,0,14
40168,2011,Bangladesh,BGD,Belgium,BEL,0,0,109,17,126
41352,2011,Croatia,HRV,Norway,NOR,0,0,0,5,5
76339,2011,Iraq,IRQ,Lebanon,LBN,5,0,16,0,21
82070,2011,Bangladesh,BGD,Morocco,MAR,0,0,0,5,5
6714,2011,Bulgaria,BGR,Sweden,SWE,0,0,5,0,5
6417,2011,Myanmar,MMR,Cambodia,KHM,0,0,5,0,5
41769,2011,North Macedonia,MKD,Sweden,SWE,0,5,710,307,1022
67287,2011,Serbia and Kosovo: S/RES/1244 (1999),SRB,Netherlands,NLD,0,0,10,0,10
41605,2011,Somalia,SOM,Serbia and Kosovo: S/RES/1244 (1999),SRB,0,0,16,321,337
41749,2011,Croatia,HRV,Sweden,SWE,0,0,19,5,24
6442,2011,Liberia,LBR,Cyprus,CYP,0,0,5,0,5
81993,2011,Rwanda,RWA,India,IND,5,0,0,0,5
40539,2011,Iran (Islamic Rep. of),IRN,Denmark,DNK,225,24,270,0,519
41362,2011,Kyrgyzstan,KGZ,Norway,NOR,0,0,49,22,71
41915,2011,Ethiopia,ETH,Zambia,ZMB,5,0,0,5,10
19048,2011,Cote d'Ivoire,CIV,Austria,AUT,0,24,33,10,67
15242,2011,Israel,ISR,United States of America,USA,15,0,11,32,58
75022,2011,Ecuador,ECU,Switzerland,CHE,0,5,0,0,5
41215,2011,Cameroon,CMR,Namibia,NAM,0,0,0,11,11
41143,2011,Somalia,SOM,Liechtenstein,LIE,0,5,0,0,5
67273,2011,Iran (Islamic Rep. of),IRN,Netherlands,NLD,22,50,44,0,116
6618,2011,Dem. Rep. of the Congo,COD,Norway,NOR,0,5,96,5,106
75229,2011,Congo,COG,Cote d'Ivoire,CIV,5,0,5,0,10
41631,2011,China,CHN,Spain,ESP,0,0,5,0,5
15192,2011,Brazil,BRA,United States of America,USA,22,0,60,118,200
82120,2011,Chad,TCD,Syrian Arab Rep.,SYR,0,0,0,11,11
1149,2011,Venezuela (Bolivarian Republic of),VEN,United Kingdom of Great Britain and Northern Ireland,GBR,0,0,5,0,5
41827,2011,Cameroon,CMR,Switzerland,CHE,5,11,19,26,61
1142,2011,Trinidad and Tobago,TTO,United Kingdom of Great Britain and Northern Ireland,GBR,5,0,5,0,10
41608,2011,Tunisia,TUN,Serbia and Kosovo: S/RES/1244 (1999),SRB,0,0,5,69,74
40981,2011,Iran (Islamic Rep. of),IRN,Ireland,IRL,10,0,25,5,40
19006,2011,Central African Rep.,CAF,Angola,AGO,5,0,0,0,5
15225,2011,Ghana,GHA,United States of America,USA,10,0,27,31,68
19110,2011,Cameroon,CMR,Bosnia and Herzegovina,BIH,0,0,0,5,5
74691,2011,Uzbekistan,UZB,Russian Federation,RUS,23,0,0,21,44
15309,2011,Thailand,THA,United States of America,USA,0,0,13,11,24
82001,2011,Egypt,EGY,Israel,ISR,5,0,0,0,5
41389,2011,Saudi Arabia,SAU,Norway,NOR,0,0,0,5,5
1139,2011,Syrian Arab Rep.,SYR,United Kingdom of Great Britain and Northern Ireland,GBR,47,0,63,10,120
72089,2011,Russian Federation,RUS,Germany,DEU,20,17,12,153,202
41434,2011,Zimbabwe,ZWE,New Zealand,NZL,0,0,5,0,5
72098,2011,Tajikistan,TJK,Germany,DEU,0,0,0,5,5
41492,2011,Viet Nam,VNM,Poland,POL,0,5,21,10,36
81982,2011,Bangladesh,BGD,Honduras,HND,0,0,0,5,5
6585,2011,Ghana,GHA,Malta,MLT,0,0,71,0,71
1075,2011,Armenia,ARM,United Kingdom of Great Britain and Northern Ireland,GBR,13,0,0,0,13
41272,2011,Dem. People's Rep. of Korea,PRK,Netherlands,NLD,0,10,0,0,10
40146,2011,Thailand,THA,Australia,AUS,0,0,16,0,16
40894,2011,Togo,TGO,Greece,GRC,0,0,5,0,5
19276,2011,Dem. Rep. of the Congo,COD,Romania,ROU,0,5,0,5,10
78606,2011,Cameroon,CMR,Mauritania,MRT,0,0,5,11,16
41840,2011,Palestinian,PSE,Switzerland,CHE,10,12,0,53,75
41173,2011,Pakistan,PAK,Latvia,LVA,0,0,0,5,5
41805,2011,Venezuela (Bolivarian Republic of),VEN,Sweden,SWE,0,0,5,5,10
41059,2011,Lebanon,LBN,Italy,ITA,0,5,12,0,17
65284,2011,India,IND,United States of America,USA,81,0,5,402,488
15332,2012,Egypt,EGY,United States of America,USA,268,0,45,151,464
42854,2012,Morocco,MAR,Hungary,HUN,0,0,0,28,28
82302,2012,Pakistan,PAK,"China, Hong Kong SAR",HKG,5,0,36,51,92
42803,2012,Turkey,TUR,Greece,GRC,5,5,25,17,52
86455,2012,Stateless,XXA,Turkey,TUR,0,0,0,11,11
15382,2012,Guyana,GUY,United States of America,USA,5,0,18,43,66
19360,2012,Azerbaijan,AZE,Austria,AUT,10,10,71,5,96
42592,2012,Mauritius,MUS,France,FRA,0,0,5,0,5
43823,2012,India,IND,Switzerland,CHE,0,0,0,12,12
82483,2012,Yemen,YEM,Thailand,THA,5,0,0,0,5
41973,2012,Georgia,GEO,Australia,AUS,0,0,14,0,14
43856,2012,Senegal,SEN,Switzerland,CHE,0,0,13,208,221
1278,2012,Saudi Arabia,SAU,United Kingdom of Great Britain and Northern Ireland,GBR,0,0,5,0,5
42806,2012,Uzbekistan,UZB,Greece,GRC,0,0,5,5,10
42235,2012,Indonesia,IDN,Canada,CAN,15,0,21,0,36
43803,2012,Colombia,COL,Switzerland,CHE,27,0,5,5,37
43220,2012,Turkey,TUR,Netherlands,NLD,16,15,92,0,123
43666,2012,Afghanistan,AFG,Slovenia,SVN,5,5,39,25,74
7212,2012,Jordan,JOR,Sweden,SWE,0,0,70,15,85
42962,2012,Mongolia,MNG,Italy,ITA,0,0,5,0,5
67356,2012,Sierra Leone,SLE,Netherlands,NLD,0,0,11,0,11
43540,2012,Nigeria,NGA,Serbia and Kosovo: S/RES/1244 (1999),SRB,0,0,0,5,5
82507,2012,Ghana,GHA,Turkey,TUR,0,0,0,5,5
43585,2012,Haiti,HTI,Spain,ESP,5,0,0,0,5
42253,2012,Saint Lucia,LCA,Canada,CAN,300,0,236,62,598
7060,2012,Congo,COG,Norway,NOR,0,0,5,0,5
7306,2012,Mauritania,MRT,Switzerland,CHE,0,0,0,0,5
43185,2012,Kenya,KEN,Netherlands,NLD,0,5,19,0,24
42231,2012,Croatia,HRV,Canada,CAN,23,0,246,77,346
41995,2012,Nepal,NPL,Australia,AUS,5,0,274,0,279
43276,2012,Latvia,LVA,Norway,NOR,0,0,5,0,5
43702,2012,Bosnia and Herzegovina,BIH,Sweden,SWE,0,0,1270,636,1906
43384,2012,Dem. Rep. of the Congo,COD,Poland,POL,0,0,0,14,14
42233,2012,Cote d'Ivoire,CIV,Canada,CAN,42,0,32,11,85
6917,2012,Dem. People's Rep. of Korea,PRK,France,FRA,0,0,39,0,39
42243,2012,Japan,JPN,Canada,CAN,0,0,20,5,25
15387,2012,Cote d'Ivoire,CIV,United States of America,USA,61,0,41,113,215
42274,2012,Nicaragua,NIC,Canada,CAN,15,0,19,10,44
42353,2012,Cote d'Ivoire,CIV,Cyprus,CYP,0,0,5,0,5
43301,2012,Sudan,SDN,Norway,NOR,376,0,50,39,465
41959,2012,Bahrain,BHR,Australia,AUS,0,0,11,0,11
19453,2012,Tunisia,TUN,Bulgaria,BGR,0,0,5,5,10
19444,2012,Libya,LBY,Bulgaria,BGR,0,0,0,5,5
7054,2012,Bosnia and Herzegovina,BIH,Norway,NOR,0,0,21,5,26
72130,2012,Armenia,ARM,Germany,DEU,10,0,5,67,82
19519,2012,Guinea,GIN,Rep. of Korea,KOR,0,0,0,5,5
42140,2012,Angola,AGO,Brazil,BRA,5,0,29,0,34
19572,2012,Mali,MLI,Nigeria,NGA,10,0,0,0,10
7128,2012,South Africa,ZAF,New Zealand,NZL,5,0,0,0,5
78776,2012,Iraq,IRQ,Yemen,YEM,26,0,0,75,101
7318,2012,South Africa,ZAF,Switzerland,CHE,0,0,0,0,5
15394,2012,Jamaica,JAM,United States of America,USA,13,0,110,110,233
42242,2012,Jordan,JOR,Canada,CAN,17,0,29,5,51
42661,2012,Georgia,GEO,United Kingdom of Great Britain and Northern Ireland,GBR,5,0,15,10,30
74706,2012,Turkmenistan,TKM,Russian Federation,RUS,11,0,0,0,11
69786,2012,Bosnia and Herzegovina,BIH,Germany,DEU,0,21,1742,93,1856
41939,2012,Nepal,NPL,Argentina,ARG,0,0,0,5,5
42500,2012,Sri Lanka,LKA,Finland,FIN,0,5,16,10,31
42203,2012,Colombia,COL,Canada,CAN,482,0,731,113,1326
1231,2012,Central African Rep.,CAF,United Kingdom of Great Britain and Northern Ireland,GBR,0,0,5,0,5
1182,2012,Kuwait,KWT,Australia,AUS,5,0,0,0,5
6832,2012,Uzbekistan,UZB,Cyprus,CYP,0,0,12,5,17
76413,2012,Myanmar,MMR,India,IND,5,0,5,11,21
82411,2012,Liberia,LBR,Morocco,MAR,0,0,12,0,12
15337,2012,Bahrain,BHR,United States of America,USA,0,0,0,5,5
43101,2012,Honduras,HND,Mexico,MEX,66,22,54,70,212
43541,2012,Pakistan,PAK,Serbia and Kosovo: S/RES/1244 (1999),SRB,0,0,0,230,230
19420,2012,Yemen,YEM,Austria,AUT,5,0,0,0,5
82429,2012,Ethiopia,ETH,Somalia,SOM,119,0,76,764,959
7288,2012,Eritrea,ERI,Switzerland,CHE,0,0,0,0,558
7152,2012,Stateless,XXA,Poland,POL,0,0,5,0,5
43116,2012,Dem. Rep. of the Congo,COD,Mozambique,MOZ,405,0,0,1181,1586
42201,2012,Congo,COG,Canada,CAN,43,0,37,0,80
76485,2012,Somalia,SOM,Tunisia,TUN,0,0,11,0,11
6929,2012,Morocco,MAR,France,FRA,5,0,27,0,32
65439,2012,Mauritania,MRT,United States of America,USA,37,0,0,27,64
19475,2012,Chile,CHL,Ecuador,ECU,0,0,5,0,5
43292,2012,Poland,POL,Norway,NOR,0,0,5,0,5
43910,2012,Kyrgyzstan,KGZ,Ukraine,UKR,0,0,39,97,136
42156,2012,Iraq,IRQ,Brazil,BRA,5,0,0,0,5
43089,2012,Syrian Arab Rep.,SYR,Rep. of Moldova,MDA,12,33,0,5,50
74453,2012,Ghana,GHA,Ireland,IRL,0,0,43,0,43
19571,2012,Liberia,LBR,Nigeria,NGA,0,0,0,21,21
6933,2012,Niger,NER,France,FRA,0,0,12,0,12
1216,2012,Stateless,XXA,Australia,AUS,239,0,62,0,301
82618,2013,Sudan,SDN,India,IND,19,0,14,0,33
1410,2013,South Africa,ZAF,United Kingdom of Great Britain and Northern Ireland,GBR,0,0,14,0,14
44392,2013,Yemen,YEM,Canada,CAN,22,0,5,0,27
45740,2013,Sierra Leone,SLE,Serbia and Kosovo: S/RES/1244 (1999),SRB,0,0,0,41,41
65579,2013,Panama,PAN,United States of America,USA,0,0,0,5,5
45943,2013,Mongolia,MNG,Sweden,SWE,0,39,322,53,414
67399,2013,Sri Lanka,LKA,Netherlands,NLD,5,14,18,0,37
45601,2013,Guinea-Bissau,GNB,Romania,ROU,0,0,5,0,5
45000,2013,Togo,TGO,Hungary,HUN,0,0,12,5,17
44095,2013,North Macedonia,MKD,Belgium,BEL,16,0,177,0,193
7470,2013,Dominican Rep.,DOM,France,FRA,0,0,76,14,90
15581,2013,Senegal,SEN,United States of America,USA,18,0,23,72,113
82819,2013,Nepal,NPL,Thailand,THA,0,0,5,5,10
82730,2013,Philippines,PHL,Malaysia,MYS,0,0,0,5,5
44660,2013,Djibouti,DJI,France,FRA,13,0,5,0,18
44896,2013,Serbia and Kosovo: S/RES/1244 (1999),SRB,Greece,GRC,0,0,5,13,18
45168,2013,Ukraine,UKR,Liechtenstein,LIE,0,0,0,5,5
82742,2013,Dem. Rep. of the Congo,COD,Morocco,MAR,12,0,140,22,174
72243,2013,Pakistan,PAK,United Kingdom of Great Britain and Northern Ireland,GBR,0,0,22,27,49
44144,2013,Afghanistan,AFG,Belarus,BLR,5,0,49,15,69
45998,2013,Cambodia,KHM,Switzerland,CHE,0,0,5,0,5
82617,2013,Somalia,SOM,India,IND,38,0,0,26,64
45548,2013,Morocco,MAR,Poland,POL,0,0,0,5,5
44380,2013,Tajikistan,TJK,Canada,CAN,5,0,0,5,10
45129,2013,Syrian Arab Rep.,SYR,Italy,ITA,246,149,383,0,778
7437,2013,Turkey,TUR,Denmark,DNK,0,0,11,0,11
45810,2013,Romania,ROU,Spain,ESP,0,0,5,0,5
45860,2013,Turkey,TUR,Slovakia,SVK,0,0,5,5,10
43958,2013,Ghana,GHA,Argentina,ARG,15,0,10,0,25
44311,2013,Iran (Islamic Rep. of),IRN,Canada,CAN,227,0,60,15,302
19642,2013,Dem. Rep. of the Congo,COD,Austria,AUT,26,5,14,0,45
7716,2013,Russian Federation,RUS,Norway,NOR,64,69,444,75,652
82601,2013,United Rep. of Tanzania,TZA,"China, Hong Kong SAR",HKG,0,0,0,5,5
82649,2013,Afghanistan,AFG,Kenya,KEN,5,0,0,0,5
44224,2013,Myanmar,MMR,Bulgaria,BGR,0,0,5,0,5
72211,2013,Mongolia,MNG,Belgium,BEL,0,0,0,5,5
45622,2013,Sudan,SDN,Romania,ROU,0,11,0,0,11
19818,2013,Nigeria,NGA,Montenegro,MNE,0,0,0,113,113
7388,2013,Nepal,NPL,Cyprus,CYP,0,0,5,0,5
69942,2013,Syrian Arab Rep.,SYR,Germany,DEU,2726,5464,10,368,8568
44753,2013,Greece,GRC,United Kingdom of Great Britain and Northern Ireland,GBR,0,0,5,0,5
45456,2013,Tajikistan,TJK,Norway,NOR,0,0,15,0,15
19756,2013,China,CHN,Rep. of Korea,KOR,0,5,0,0,5
69946,2013,Turkmenistan,TKM,Germany,DEU,0,0,15,0,15
19806,2013,Comoros,COM,Montenegro,MNE,0,0,0,5,5
44982,2013,Rep. of Moldova,MDA,Hungary,HUN,0,0,0,5,5
82707,2013,Senegal,SEN,Mauritania,MRT,0,0,0,5,5
45492,2013,Tuvalu,TUV,New Zealand,NZL,0,0,5,0,5
78785,2013,Cote d'Ivoire,CIV,Egypt,EGY,17,0,0,0,17
72293,2013,Sierra Leone,SLE,Germany,DEU,0,0,0,13,13
7652,2013,Egypt,EGY,Norway,NOR,0,0,34,0,34
45901,2013,Congo,COG,Sweden,SWE,5,0,5,5,15
72192,2013,Bosnia and Herzegovina,BIH,Belgium,BEL,0,0,0,12,12
45941,2013,Mali,MLI,Sweden,SWE,5,0,19,5,29
1363,2013,Azerbaijan,AZE,United Kingdom of Great Britain and Northern Ireland,GBR,5,0,0,0,5
45364,2013,Ghana,GHA,Nicaragua,NIC,5,0,0,0,5
7449,2013,Azerbaijan,AZE,France,FRA,60,0,338,10,408
45986,2013,Angola,AGO,Switzerland,CHE,0,38,5,15,58
82723,2013,Liberia,LBR,Malaysia,MYS,5,0,0,0,5
45856,2013,Somalia,SOM,Slovakia,SVK,5,5,56,53,119
44387,2013,Uruguay,URY,Canada,CAN,0,0,14,5,19
7635,2013,Guinea,GIN,Malta,MLT,0,0,5,0,5
19698,2013,Uzbekistan,UZB,Austria,AUT,5,5,23,0,33
45241,2013,Colombia,COL,Mexico,MEX,10,0,0,0,10
82738,2013,Burkina Faso,BFA,Morocco,MAR,0,0,0,5,5
7443,2013,Afghanistan,AFG,France,FRA,38,152,78,10,278
44576,2013,Bosnia and Herzegovina,BIH,Finland,FIN,0,0,14,5,19
19731,2013,India,IND,Ecuador,ECU,0,0,5,0,5
45658,2013,Sri Lanka,LKA,South Africa,ZAF,0,0,15,0,15
75241,2013,Togo,TGO,Liberia,LBR,5,0,5,0,10
46080,2013,Yemen,YEM,Switzerland,CHE,10,0,13,19,42
44940,2013,Pakistan,PAK,Croatia,HRV,0,0,5,39,44
7834,2013,Mauritania,MRT,Sweden,SWE,0,0,5,0,5
69931,2013,Romania,ROU,Germany,DEU,0,0,27,5,32
78779,2013,Chad,TCD,Egypt,EGY,11,0,0,0,11
44585,2013,Ethiopia,ETH,Finland,FIN,15,5,13,5,38
82590,2013,Liberia,LBR,"China, Hong Kong SAR",HKG,0,0,0,5,5
82843,2013,Eritrea,ERI,Turkey,TUR,5,0,5,11,21
45176,2013,Viet Nam,VNM,Lithuania,LTU,0,0,20,5,25
19743,2013,Azerbaijan,AZE,Georgia,GEO,0,0,0,5,5
45680,2013,Zimbabwe,ZWE,South Africa,ZAF,12,0,14676,0,14688
15564,2013,Nicaragua,NIC,United States of America,USA,13,0,83,101,197
46071,2013,United Rep. of Tanzania,TZA,Switzerland,CHE,0,0,0,5,5
45132,2013,Togo,TGO,Italy,ITA,10,60,44,0,114
44074,2013,Guinea-Bissau,GNB,Belgium,BEL,0,0,12,0,12
1502,2014,Brazil,BRA,United Kingdom of Great Britain and Northern Ireland,GBR,0,0,5,0,5
15629,2014,Cuba,CUB,United States of America,USA,10,12,42,58,122
8080,2014,Armenia,ARM,Denmark,DNK,0,10,48,0,58
15665,2014,Lebanon,LBN,United States of America,USA,0,0,5,16,21
46944,2014,Bosnia and Herzegovina,BIH,United Kingdom of Great Britain and Northern Ireland,GBR,0,0,12,10,22
74520,2014,Cabo Verde,CPV,Ireland,IRL,0,0,5,0,5
48061,2014,India,IND,Spain,ESP,0,0,5,0,5
47487,2014,Turkey,TUR,Luxembourg,LUX,0,0,25,5,30
46347,2014,Syrian Arab Rep.,SYR,Belgium,BEL,1261,444,30,37,1772
47944,2014,Syrian Arab Rep.,SYR,South Africa,ZAF,14,0,0,0,14
46149,2014,Congo,COG,Angola,AGO,0,0,0,17,17
65727,2014,Venezuela (Bolivarian Republic of),VEN,United States of America,USA,226,0,36,125,387
47597,2014,Libya,LBY,Netherlands,NLD,5,13,143,0,161
8027,2014,South Africa,ZAF,Canada,CAN,0,0,5,0,5
8068,2014,Nigeria,NGA,Cyprus,CYP,0,0,10,0,10
70002,2014,Iraq,IRQ,Germany,DEU,2601,146,411,684,3842
19913,2014,Syrian Arab Rep.,SYR,North Macedonia,MKD,11,0,0,314,325
8029,2014,Rwanda,RWA,Canada,CAN,0,0,5,0,5
82997,2014,Bangladesh,BGD,"China, Hong Kong SAR",HKG,0,0,0,5,5
48033,2014,Armenia,ARM,Spain,ESP,5,0,16,0,21
48200,2014,Libya,LBY,Sweden,SWE,22,14,37,345,418
46918,2014,Turkey,TUR,France,FRA,171,12,1739,0,1922
47671,2014,Belarus,BLR,Norway,NOR,0,0,26,28,54
46298,2014,Palestinian,PSE,Belgium,BEL,10,5,0,5,20
83206,2014,Myanmar,MMR,Pakistan,PAK,10,0,0,0,10
67511,2014,Pakistan,PAK,Romania,ROU,5,0,22,0,27
1481,2014,Viet Nam,VNM,Australia,AUS,5,0,33,0,38
47143,2014,Uzbekistan,UZB,Greece,GRC,0,0,5,5,10
70055,2014,Uganda,UGA,Germany,DEU,0,0,5,14,19
76650,2014,Cote d'Ivoire,CIV,Cameroon,CMR,0,0,5,0,5
8034,2014,Viet Nam,VNM,Canada,CAN,0,0,5,0,5
46945,2014,Canada,CAN,United Kingdom of Great Britain and Northern Ireland,GBR,0,0,5,5,10
47820,2014,Mongolia,MNG,Poland,POL,0,0,0,10,10
47478,2014,Nigeria,NGA,Luxembourg,LUX,0,0,23,52,75
47964,2014,Kyrgyzstan,KGZ,Russian Federation,RUS,0,0,23,0,23
47080,2014,Algeria,DZA,Greece,GRC,5,0,136,98,239
69980,2014,Colombia,COL,Germany,DEU,0,0,5,14,19
48308,2014,Kyrgyzstan,KGZ,Switzerland,CHE,5,0,13,0,18
48380,2014,Sri Lanka,LKA,Ukraine,UKR,0,0,0,13,13
48245,2014,Togo,TGO,Sweden,SWE,0,0,5,0,5
47697,2014,Kazakhstan,KAZ,Norway,NOR,0,0,5,11,16
15685,2014,Poland,POL,United States of America,USA,0,0,0,10,10
72416,2014,Kazakhstan,KAZ,Germany,DEU,0,0,0,10,10
46297,2014,Gambia,GMB,Belgium,BEL,12,0,40,19,71
8148,2014,Dominican Rep.,DOM,France,FRA,0,0,74,62,136
72403,2014,Gambia,GMB,Germany,DEU,5,0,0,18,23
48076,2014,Philippines,PHL,Spain,ESP,0,0,5,0,5
82901,2014,Iraq,IRQ,Algeria,DZA,5,0,0,0,5
83326,2014,Sudan,SDN,Turkey,TUR,43,0,10,45,98
47426,2014,Uzbekistan,UZB,Kyrgyzstan,KGZ,0,0,0,93,93
76640,2014,Sudan,SDN,Egypt,EGY,31,0,118,0,149
48012,2014,Nigeria,NGA,Serbia and Kosovo: S/RES/1244 (1999),SRB,0,0,0,216,216
47989,2014,Central African Rep.,CAF,Serbia and Kosovo: S/RES/1244 (1999),SRB,0,0,0,10,10
19902,2014,Palestinian,PSE,North Macedonia,MKD,0,0,0,15,15
46829,2014,Albania,ALB,France,FRA,67,277,3479,0,3823
72434,2014,Russian Federation,RUS,Germany,DEU,10,65,44,891,1010
46617,2014,Zimbabwe,ZWE,Canada,CAN,56,0,23,0,79
8141,2014,Cameroon,CMR,France,FRA,30,5,94,18,147
67525,2014,Sri Lanka,LKA,Ukraine,UKR,0,0,5,0,5
83112,2014,Eritrea,ERI,Lebanon,LBN,10,0,15,5,30
47704,2014,Mauritania,MRT,Norway,NOR,0,0,0,5,5
83027,2014,Afghanistan,AFG,Indonesia,IDN,1023,0,174,1138,2335
8207,2014,Turkey,TUR,France,FRA,150,10,1124,192,1476
66839,2014,Uganda,UGA,Belgium,BEL,0,0,15,0,15
15659,2014,Kenya,KEN,United States of America,USA,35,21,43,121,220
46579,2014,Peru,PER,Canada,CAN,18,0,46,5,69
46348,2014,United Rep. of Tanzania,TZA,Belgium,BEL,5,0,21,19,45
8569,2014,Poland,POL,Sweden,SWE,0,0,5,0,5
8253,2014,Myanmar,MMR,Greece,GRC,0,0,0,12,12
48254,2014,Yemen,YEM,Sweden,SWE,20,15,37,54,126
46952,2014,Dem. Rep. of the Congo,COD,United Kingdom of Great Britain and Northern Ireland,GBR,64,17,140,30,251
47004,2014,Myanmar,MMR,United Kingdom of Great Britain and Northern Ireland,GBR,41,5,45,0,91
1518,2014,India,IND,United Kingdom of Great Britain and Northern Ireland,GBR,15,0,75,5,95
22592,2014,Pakistan,PAK,New Zealand,NZL,5,0,18,0,23
70028,2014,Nepal,NPL,Germany,DEU,0,0,11,5,16
8033,2014,Somalia,SOM,Canada,CAN,0,0,34,0,34
8382,2014,Germany,DEU,Norway,NOR,0,0,5,0,5
66829,2014,Serbia and Kosovo: S/RES/1244 (1999),SRB,Belgium,BEL,5,0,66,5,76
8287,2014,Guinea,GIN,Ireland,IRL,5,0,0,0,5
47377,2014,Uganda,UGA,Italy,ITA,5,0,0,0,5
8377,2014,Eritrea,ERI,Norway,NOR,28,0,785,10,823
47141,2014,Uganda,UGA,Greece,GRC,5,0,0,5,10
65717,2014,Tajikistan,TJK,United States of America,USA,13,0,5,13,31
8480,2014,Mali,MLI,South Africa,ZAF,0,0,5,0,5
46706,2014,Stateless,XXA,Czechia,CZE,5,18,5,5,33
50159,2015,Turkey,TUR,South Africa,ZAF,5,0,0,0,5
67664,2015,Russian Federation,RUS,Romania,ROU,0,5,0,0,5
74563,2015,Egypt,EGY,Ireland,IRL,0,0,10,0,10
49733,2015,India,IND,Mexico,MEX,0,0,5,15,20
8894,2015,Tunisia,TUN,Greece,GRC,0,0,24,0,24
20162,2015,Mongolia,MNG,Rep. of Korea,KOR,0,0,5,0,5
83772,2015,Uzbekistan,UZB,Ukraine,UKR,0,0,0,5,5
48447,2015,Senegal,SEN,Argentina,ARG,0,0,280,16,296
8859,2015,Bangladesh,BGD,Greece,GRC,13,0,288,5,306
49880,2015,Cote d'Ivoire,CIV,Nigeria,NGA,5,0,13,35,53
72614,2015,Egypt,EGY,Netherlands,NLD,0,0,26,0,26
50481,2015,Sudan,SDN,Switzerland,CHE,11,10,140,22,183
83624,2015,Palestinian,PSE,Pakistan,PAK,12,0,0,0,12
67624,2015,Turkey,TUR,Germany,DEU,26,10,166,236,438
67633,2015,Bosnia and Herzegovina,BIH,Croatia,HRV,0,0,5,0,5
49241,2015,Germany,DEU,United Kingdom of Great Britain and Northern Ireland,GBR,0,0,0,5,5
83569,2015,Congo,COG,Malaysia,MYS,0,0,0,5,5
49359,2015,Algeria,DZA,Greece,GRC,0,0,123,47,170
50277,2015,Cuba,CUB,Slovakia,SVK,5,0,0,0,5
65770,2015,Gambia,GMB,United States of America,USA,83,0,0,64,147
48533,2015,United States of America,USA,Australia,AUS,5,0,0,5,10
72566,2015,Gambia,GMB,Germany,DEU,0,0,0,15,15
48667,2015,Dem. Rep. of the Congo,COD,Brazil,BRA,254,0,14,0,268
83436,2015,Dem. Rep. of the Congo,COD,Cameroon,CMR,35,0,154,89,278
48597,2015,Sri Lanka,LKA,Belgium,BEL,100,0,15,0,115
1694,2015,Venezuela (Bolivarian Republic of),VEN,United Kingdom of Great Britain and Northern Ireland,GBR,0,0,10,0,10
83520,2015,Stateless,XXA,Jordan,JOR,0,0,0,13,13
49505,2015,Ukraine,UKR,Ireland,IRL,0,0,25,13,38
9122,2015,Djibouti,DJI,Sweden,SWE,0,0,19,0,19
49596,2015,Zimbabwe,ZWE,Italy,ITA,0,5,0,0,5
67622,2015,Togo,TGO,Germany,DEU,0,0,10,41,51
83727,2015,Cote d'Ivoire,CIV,Turkey,TUR,0,0,5,29,34
83598,2015,Dem. Rep. of the Congo,COD,Morocco,MAR,26,0,209,241,476
8951,2015,Ethiopia,ETH,Luxembourg,LUX,5,0,0,0,5
49352,2015,Pakistan,PAK,Ghana,GHA,12,0,0,0,12
8860,2015,Burkina Faso,BFA,Greece,GRC,0,0,5,0,5
49233,2015,Czechia,CZE,United Kingdom of Great Britain and Northern Ireland,GBR,0,0,5,0,5
83746,2015,Russian Federation,RUS,Turkey,TUR,0,0,0,5,5
48459,2015,Albania,ALB,Australia,AUS,5,0,0,0,5
65738,2015,Azerbaijan,AZE,United States of America,USA,10,0,0,14,24
83449,2015,Sudan,SDN,Cameroon,CMR,83,0,5,60,148
8631,2015,Gambia,GMB,Canada,CAN,0,0,5,0,5
50466,2015,Netherlands,NLD,Switzerland,CHE,0,0,0,5,5
72594,2015,Serbia and Kosovo: S/RES/1244 (1999),SRB,Germany,DEU,0,17,2620,8253,10890
72629,2015,Cote d'Ivoire,CIV,Netherlands,NLD,5,0,5,0,10
48824,2015,Nigeria,NGA,Canada,CAN,392,0,238,12,642
67655,2015,Palestinian,PSE,Romania,ROU,0,5,0,0,5
49712,2015,Afghanistan,AFG,Rep. of Moldova,MDA,5,0,0,11,16
8760,2015,Ukraine,UKR,Denmark,DNK,0,5,30,0,35
20224,2015,Croatia,HRV,Montenegro,MNE,0,0,0,5,5
48931,2015,Philippines,PHL,Cyprus,CYP,0,0,44,5,49
67561,2015,China,CHN,Germany,DEU,10,0,18,21,49
72726,2015,Nigeria,NGA,Sweden,SWE,0,5,0,15,20
1693,2015,Saint Vincent and the Grenadines,VCT,United Kingdom of Great Britain and Northern Ireland,GBR,0,0,5,0,5
75056,2015,Ethiopia,ETH,Kenya,KEN,114,0,10,139,263
20206,2015,Nigeria,NGA,North Macedonia,MKD,0,0,0,30,30
8639,2015,Haiti,HTI,Canada,CAN,36,0,79,5,120
70096,2015,Georgia,GEO,Germany,DEU,0,5,1371,641,2017
49125,2015,Cameroon,CMR,France,FRA,31,10,156,0,197
74597,2015,Nepal,NPL,Ireland,IRL,0,0,10,5,15
20242,2015,Dem. Rep. of the Congo,COD,Uganda,UGA,15079,0,1191,0,16270
65829,2015,Saudi Arabia,SAU,United States of America,USA,32,0,0,5,37
15825,2015,Venezuela (Bolivarian Republic of),VEN,United States of America,USA,22,0,34,122,178
1582,2015,Ghana,GHA,Australia,AUS,0,0,5,5,10
1606,2015,Russian Federation,RUS,Australia,AUS,0,0,5,0,5
70154,2015,Ukraine,UKR,Germany,DEU,51,0,42,874,967
67576,2015,Guinea,GIN,Germany,DEU,5,0,32,223,260
49482,2015,Palestinian,PSE,Ireland,IRL,5,0,5,0,10
83658,2015,Iraq,IRQ,Syrian Arab Rep.,SYR,987,0,10,193,1190
49820,2015,Indonesia,IDN,Netherlands,NLD,0,0,5,0,5
48513,2015,Papua New Guinea,PNG,Australia,AUS,52,0,5,19,76
65735,2015,Egypt,EGY,United States of America,USA,696,0,10,239,945
76918,2015,Congo,COG,Turkey,TUR,0,0,0,10,10
72502,2015,Mauritania,MRT,Belgium,BEL,0,0,0,21,21
48554,2015,Angola,AGO,Belgium,BEL,5,0,46,0,51
86539,2015,Sudan,SDN,Syrian Arab Rep.,SYR,36,0,26,5,67
8912,2015,Georgia,GEO,Ireland,IRL,0,0,11,0,11
86550,2015,Somalia,SOM,Turkey,TUR,5,0,0,5,10
20177,2015,Thailand,THA,Rep. of Korea,KOR,0,0,45,0,45
8684,2015,Togo,TGO,Canada,CAN,0,0,5,0,5
50452,2015,Libya,LBY,Switzerland,CHE,16,38,79,46,179
83501,2015,Iran (Islamic Rep. of),IRN,Iraq,IRQ,5,5,0,76,86
1688,2015,Turkey,TUR,United Kingdom of Great Britain and Northern Ireland,GBR,56,0,121,10,187
22629,2015,South Africa,ZAF,New Zealand,NZL,0,0,10,0,10
83389,2015,Nigeria,NGA,Egypt,EGY,0,0,40,0,40
51182,2016,Bangladesh,BGD,Denmark,DNK,0,0,15,0,15
50677,2016,New Zealand,NZL,Australia,AUS,10,0,14,0,24
84070,2016,Benin,BEN,Morocco,MAR,0,0,5,0,5
77054,2016,Viet Nam,VNM,Thailand,THA,5,0,24,0,29
52539,2016,Dem. Rep. of the Congo,COD,Slovakia,SVK,0,0,5,0,5
65916,2016,Kenya,KEN,United States of America,USA,55,0,0,53,108
73012,2016,Ethiopia,ETH,Norway,NOR,5,0,14,0,19
51476,2016,Mauritius,MUS,United Kingdom of Great Britain and Northern Ireland,GBR,0,5,54,5,64
73089,2016,United Rep. of Tanzania,TZA,Sweden,SWE,0,0,14,0,14
52648,2016,Nicaragua,NIC,Sweden,SWE,0,5,28,0,33
70197,2016,Honduras,HND,Germany,DEU,0,12,0,0,12
9735,2016,Kyrgyzstan,KGZ,Sweden,SWE,0,0,68,14,82
52123,2016,Belarus,BLR,Norway,NOR,0,0,0,11,11
67736,2016,Jamaica,JAM,Germany,DEU,0,0,0,5,5
83885,2016,Gambia,GMB,Cameroon,CMR,0,0,0,5,5
73055,2016,Ghana,GHA,Sweden,SWE,0,0,0,5,5
51900,2016,Gabon,GAB,Luxembourg,LUX,5,0,0,0,5
65928,2016,Rep. of Moldova,MDA,United States of America,USA,54,0,0,76,130
50991,2016,Mauritania,MRT,Canada,CAN,26,0,13,0,39
51644,2016,United States of America,USA,Guatemala,GTM,0,0,0,5,5
73037,2016,Benin,BEN,Sweden,SWE,0,0,5,0,5
52258,2016,Lebanon,LBN,Papua New Guinea,PNG,0,0,5,0,5
72887,2016,Pakistan,PAK,United Kingdom of Great Britain and Northern Ireland,GBR,0,0,0,5,5
83870,2016,Nigeria,NGA,China,CHN,0,0,34,21,55
67706,2016,Bangladesh,BGD,Germany,DEU,5,10,162,76,253
70264,2016,Uzbekistan,UZB,Germany,DEU,10,0,5,5,20
20328,2016,Eritrea,ERI,Chad,TCD,0,0,0,5,5
51770,2016,Bolivia (Plurinational State of),BOL,Italy,ITA,0,5,0,0,5
52001,2016,Gambia,GMB,Malta,MLT,0,5,0,0,5
51706,2016,Algeria,DZA,Ireland,IRL,0,0,46,36,82
20333,2016,Nigeria,NGA,Chad,TCD,0,0,0,23,23
72877,2016,Turkey,TUR,France,FRA,27,0,162,157,346
84241,2016,Afghanistan,AFG,Ukraine,UKR,17,0,0,5,22
65945,2016,Philippines,PHL,United States of America,USA,5,0,0,53,58
52839,2016,Turkey,TUR,Venezuela (Bolivarian Republic of),VEN,5,0,0,0,5
15927,2016,Turkey,TUR,United States of America,USA,0,0,12,26,38
51486,2016,Portugal,PRT,United Kingdom of Great Britain and Northern Ireland,GBR,0,0,5,0,5
9267,2016,Lebanon,LBN,Cyprus,CYP,0,0,0,5,5
51239,2016,Bangladesh,BGD,Finland,FIN,0,0,86,53,139
83988,2016,Bangladesh,BGD,Lebanon,LBN,0,0,0,19,19
9445,2016,Syrian Arab Rep.,SYR,Greece,GRC,200,0,0,5,205
72776,2016,Iran (Islamic Rep. of),IRN,Belgium,BEL,0,0,0,17,17
15834,2016,Armenia,ARM,United States of America,USA,22,0,16,134,172
52730,2016,Liberia,LBR,Switzerland,CHE,5,0,5,25,35
1770,2016,Eswatini,SWZ,United Kingdom of Great Britain and Northern Ireland,GBR,0,0,5,0,5
9409,2016,Western Sahara,ESH,France,FRA,20,0,87,11,118
9408,2016,Venezuela (Bolivarian Republic of),VEN,France,FRA,0,0,12,0,12
51037,2016,Uganda,UGA,Canada,CAN,66,0,22,0,88
20402,2016,Togo,TGO,Hungary,HUN,0,0,0,5,5
20288,2016,Kuwait,KWT,Austria,AUT,0,0,0,5,5
9274,2016,Syrian Arab Rep.,SYR,Cyprus,CYP,14,5,0,10,29
72916,2016,Croatia,HRV,Germany,DEU,0,0,0,11,11
52117,2016,Angola,AGO,Norway,NOR,0,0,0,5,5
52270,2016,Congo,COG,Poland,POL,0,0,0,5,5
9515,2016,Ukraine,UKR,Luxembourg,LUX,0,0,5,0,5
9494,2016,Albania,ALB,Luxembourg,LUX,0,0,66,11,77
52781,2016,Congo,COG,Ukraine,UKR,0,0,5,0,5
72751,2016,Angola,AGO,Belgium,BEL,0,0,0,15,15
83915,2016,Sudan,SDN,India,IND,24,0,5,5,34
52233,2016,Syrian Arab Rep.,SYR,Panama,PAN,0,0,0,5,5
67799,2016,Kyrgyzstan,KGZ,Rep. of Moldova,MDA,5,0,0,0,5
50949,2016,Djibouti,DJI,Canada,CAN,105,0,10,0,115
84020,2016,Yemen,YEM,Madagascar,MDG,10,0,0,0,10
50905,2016,Somalia,SOM,Bulgaria,BGR,5,0,5,0,10
67718,2016,Djibouti,DJI,Germany,DEU,0,5,0,0,5
84213,2016,Jordan,JOR,Turkey,TUR,5,0,0,16,21
20492,2016,Somalia,SOM,Montenegro,MNE,0,0,0,5,5
84077,2016,Dem. Rep. of the Congo,COD,Morocco,MAR,26,0,92,95,213
50851,2016,Guinea-Bissau,GNB,Brazil,BRA,5,0,98,0,103
66948,2016,Jordan,JOR,Belgium,BEL,0,0,5,0,5
9346,2016,Eritrea,ERI,France,FRA,137,0,282,17,436
52577,2016,Afghanistan,AFG,Sweden,SWE,1352,2013,4031,4394,11790
15885,2016,Rep. of Korea,KOR,United States of America,USA,5,0,5,22,32
1705,2016,Azerbaijan,AZE,United Kingdom of Great Britain and Northern Ireland,GBR,5,0,0,0,5
9571,2016,Iraq,IRQ,Norway,NOR,13,5,658,78,754
15844,2016,Bosnia and Herzegovina,BIH,United States of America,USA,0,0,5,24,29
84068,2016,Nigeria,NGA,Mongolia,MNG,0,0,5,0,5
52650,2016,Norway,NOR,Sweden,SWE,0,0,5,0,5
51217,2016,Yemen,YEM,Denmark,DNK,0,0,11,0,11
52830,2016,Haiti,HTI,Venezuela (Bolivarian Republic of),VEN,0,0,0,10,10
1719,2016,Gambia,GMB,United Kingdom of Great Britain and Northern Ireland,GBR,45,0,98,0,143
20504,2016,Cote d'Ivoire,CIV,Philippines,PHL,5,0,0,0,5
20502,2016,Ethiopia,ETH,Philippines,PHL,0,0,5,0,5
52176,2016,South Sudan,SSD,Norway,NOR,0,0,5,0,5
52703,2016,Congo,COG,Switzerland,CHE,0,0,0,5,5
53926,2017,Georgia,GEO,Italy,ITA,0,84,45,28,157
53390,2017,Lebanon,LBN,Czechia,CZE,0,0,0,5,5
10498,2017,Brazil,BRA,United States of America,USA,5,0,0,60,65
66093,2017,Thailand,THA,United States of America,USA,5,0,14,5,24
54648,2017,Guinea-Bissau,GNB,Sweden,SWE,0,0,0,5,5
54470,2017,Congo,COG,South Africa,ZAF,42,0,270,0,312
74816,2017,Iraq,IRQ,Russian Federation,RUS,0,15,0,16,31
54019,2017,Georgia,GEO,Liechtenstein,LIE,0,0,0,5,5
20776,2017,Nepal,NPL,Rep. of Korea,KOR,0,0,142,46,188
54137,2017,Ethiopia,ETH,Malta,MLT,5,5,5,5,20
53809,2017,Mongolia,MNG,Hungary,HUN,0,0,0,5,5
53243,2017,Lebanon,LBN,Canada,CAN,123,0,74,19,216
77184,2017,Egypt,EGY,Thailand,THA,0,0,5,0,5
9866,2017,Bangladesh,BGD,Canada,CAN,0,0,28,0,28
10515,2017,Georgia,GEO,United States of America,USA,5,0,0,0,5
53691,2017,Brazil,BRA,Greece,GRC,0,0,5,0,5
53854,2017,Afghanistan,AFG,Ireland,IRL,5,17,5,0,27
54153,2017,Ukraine,UKR,Malta,MLT,0,10,81,18,109
53061,2017,North Macedonia,MKD,Belgium,BEL,20,0,165,0,185
70356,2017,Nicaragua,NIC,Germany,DEU,0,0,5,0,5
10290,2017,Liberia,LBR,Norway,NOR,0,0,5,0,5
53524,2017,Armenia,ARM,United Kingdom of Great Britain and Northern Ireland,GBR,5,0,28,5,38
54814,2017,Armenia,ARM,Ukraine,UKR,0,0,0,5,5
54701,2017,Tajikistan,TJK,Sweden,SWE,5,0,17,20,42
10354,2017,Cameroon,CMR,South Africa,ZAF,0,0,5,424,429
10165,2017,Russian Federation,RUS,Iceland,ISL,0,0,5,0,5
53977,2017,Yemen,YEM,Italy,ITA,20,20,0,5,45
54408,2017,Gambia,GMB,Portugal,PRT,0,0,15,0,15
54165,2017,Angola,AGO,Netherlands,NLD,0,0,5,0,5
84566,2017,Pakistan,PAK,Nepal,NPL,5,0,0,0,5
84572,2017,Iraq,IRQ,Pakistan,PAK,0,0,10,0,10
70273,2017,Egypt,EGY,Germany,DEU,354,135,1625,580,2694
53049,2017,Iraq,IRQ,Belgium,BEL,920,180,1650,0,2750
20732,2017,Romania,ROU,Israel,ISR,0,0,0,16,16
9855,2017,Viet Nam,VNM,Cambodia,KHM,0,0,0,5,5
53788,2017,Afghanistan,AFG,Hungary,HUN,20,509,1220,847,2596
73120,2017,Afghanistan,AFG,Germany,DEU,214,590,413,1728,2945
10295,2017,Morocco,MAR,Norway,NOR,0,0,49,0,49
54241,2017,Afghanistan,AFG,Norway,NOR,134,57,1260,83,1534
53937,2017,Kenya,KEN,Italy,ITA,5,0,13,0,18
66009,2017,Ecuador,ECU,United States of America,USA,79,0,106,2194,2379
20815,2017,Morocco,MAR,Montenegro,MNE,0,0,5,60,65
54760,2017,Kyrgyzstan,KGZ,Switzerland,CHE,0,0,10,0,10
10310,2017,Viet Nam,VNM,Norway,NOR,0,0,5,0,5
73129,2017,Bangladesh,BGD,Germany,DEU,5,5,28,158,196
77141,2017,Iran (Islamic Rep. of),IRN,Lebanon,LBN,0,0,0,10,10
73112,2017,Canada,CAN,United Kingdom of Great Britain and Northern Ireland,GBR,0,0,0,5,5
54680,2017,Pakistan,PAK,Sweden,SWE,64,0,202,73,339
54721,2017,Bahrain,BHR,Switzerland,CHE,0,0,0,5,5
54548,2017,Cameroon,CMR,Spain,ESP,5,0,44,11,60
52959,2017,New Zealand,NZL,Australia,AUS,11,0,0,0,11
10022,2017,Benin,BEN,France,FRA,0,0,5,0,5
9996,2017,Iraq,IRQ,Denmark,DNK,10,13,401,0,424
84395,2017,Egypt,EGY,Indonesia,IDN,0,0,10,5,15
52947,2017,North Macedonia,MKD,Australia,AUS,0,0,5,0,5
1788,2017,Afghanistan,AFG,United Kingdom of Great Britain and Northern Ireland,GBR,568,0,491,40,1099
1814,2017,Ghana,GHA,United Kingdom of Great Britain and Northern Ireland,GBR,11,0,93,5,109
54356,2017,Haiti,HTI,Peru,PER,0,0,11,0,11
70784,2017,Turkey,TUR,Finland,FIN,0,0,5,5,10
75595,2017,Rwanda,RWA,Kenya,KEN,21,0,0,110,131
20858,2017,Ukraine,UKR,Slovakia,SVK,0,12,5,0,17
16022,2017,Spain,ESP,United States of America,USA,0,0,5,12,17
54143,2017,Liberia,LBR,Malta,MLT,0,5,0,0,5
70292,2017,Chile,CHL,Germany,DEU,0,0,5,0,5
84284,2017,Burundi,BDI,Egypt,EGY,12,0,5,5,22
54700,2017,Thailand,THA,Sweden,SWE,0,0,10,5,15
20835,2017,Viet Nam,VNM,Philippines,PHL,10,0,0,0,10
53680,2017,Mali,MLI,Guinea-Bissau,GNB,0,0,0,5,5
53174,2017,Armenia,ARM,Canada,CAN,5,0,0,0,5
53975,2017,Ukraine,UKR,Italy,ITA,42,1222,460,109,1833
84664,2017,Palestinian,PSE,Tunisia,TUN,5,0,0,0,5
52927,2017,Ghana,GHA,Australia,AUS,5,0,16,0,21
54806,2017,Zimbabwe,ZWE,Switzerland,CHE,0,0,0,5,5
73256,2017,Bangladesh,BGD,Sweden,SWE,0,0,10,5,15
84541,2017,Cameroon,CMR,Morocco,MAR,25,0,122,313,460
54603,2017,Venezuela (Bolivarian Republic of),VEN,Spain,ESP,16,0,1502,5,1523
54048,2017,Cameroon,CMR,Luxembourg,LUX,0,0,5,0,5
54565,2017,Haiti,HTI,Spain,ESP,0,0,5,0,5
54037,2017,Pakistan,PAK,Lithuania,LTU,0,0,0,5,5
22683,2017,Nigeria,NGA,Finland,FIN,0,0,65,59,124
20589,2017,Serbia and Kosovo: S/RES/1244 (1999),SRB,Austria,AUT,11,12,262,71,356
53043,2017,Guinea,GIN,Belgium,BEL,460,0,410,0,870
53012,2017,Algeria,DZA,Belgium,BEL,25,0,85,0,110
20567,2017,Kyrgyzstan,KGZ,Austria,AUT,5,5,11,0,21
20836,2017,Syrian Arab Rep.,SYR,Philippines,PHL,21,5,0,5,31
55552,2018,Central African Rep.,CAF,France,FRA,185,109,239,16,549
56346,2018,Togo,TGO,Netherlands,NLD,0,0,5,0,5
55153,2018,Stateless,XXA,Bosnia and Herzegovina,BIH,0,0,0,5,5
57039,2018,Rep. of Moldova,MDA,Ukraine,UKR,0,0,5,0,5
55323,2018,Cote d'Ivoire,CIV,Dem. Rep. of the Congo,COD,0,0,11,0,11
70437,2018,Georgia,GEO,Germany,DEU,10,50,4021,491,4572
1940,2018,Senegal,SEN,United Kingdom of Great Britain and Northern Ireland,GBR,14,0,0,0,14
66180,2018,Kazakhstan,KAZ,United States of America,USA,92,0,171,56,319
68182,2018,Peru,PER,Sweden,SWE,0,0,35,10,45
55470,2018,Albania,ALB,Estonia,EST,0,0,5,0,5
55111,2018,Nepal,NPL,Brazil,BRA,5,0,0,5,10
84960,2018,Somalia,SOM,Mauritania,MRT,0,0,0,5,5
10744,2018,France,FRA,Costa Rica,CRI,0,0,5,0,5
75622,2018,Guinea-Bissau,GNB,Niger,NER,0,0,0,5,5
21043,2018,Spain,ESP,Ecuador,ECU,0,0,5,0,5
55198,2018,Ecuador,ECU,Canada,CAN,5,0,15,0,20
55918,2018,Serbia and Kosovo: S/RES/1244 (1999),SRB,Hungary,HUN,0,0,0,22,22
73382,2018,Iran (Islamic Rep. of),IRN,United Kingdom of Great Britain and Northern Ireland,GBR,0,0,0,12,12
56914,2018,Dem. Rep. of the Congo,COD,Switzerland,CHE,10,33,38,26,107
55849,2018,South Sudan,SSD,Greece,GRC,5,0,0,5,10
21156,2018,Uzbekistan,UZB,Rep. of Korea,KOR,0,0,14,22,36
56264,2018,Palestinian,PSE,Malta,MLT,0,0,5,5,10
85061,2018,Iran (Islamic Rep. of),IRN,Syrian Arab Rep.,SYR,0,0,10,12,22
68106,2018,Syrian Arab Rep.,SYR,Rep. of Moldova,MDA,0,0,0,5,5
85092,2018,Bangladesh,BGD,Trinidad and Tobago,TTO,0,0,0,5,5
74838,2018,Bangladesh,BGD,Russian Federation,RUS,0,0,0,10,10
66134,2018,Central African Rep.,CAF,United States of America,USA,15,0,5,0,20
55216,2018,Haiti,HTI,Canada,CAN,555,0,1349,133,2037
86277,2018,Yemen,YEM,Syrian Arab Rep.,SYR,10,0,0,0,10
56703,2018,Italy,ITA,Spain,ESP,0,0,5,0,5
54911,2018,Senegal,SEN,Argentina,ARG,0,0,236,5,241
56130,2018,Rwanda,RWA,Kenya,KEN,0,59,0,142,201
10679,2018,Guyana,GUY,Canada,CAN,0,0,18,0,18
70433,2018,Eritrea,ERI,Germany,DEU,2218,2969,332,1676,7195
11163,2018,Ethiopia,ETH,United States of America,USA,96,0,10,44,150
55671,2018,Gabon,GAB,United Kingdom of Great Britain and Northern Ireland,GBR,0,0,5,0,5
68077,2018,Sudan,SDN,Germany,DEU,106,16,149,745,1016
55492,2018,Bangladesh,BGD,Finland,FIN,0,0,17,0,17
84744,2018,Liberia,LBR,Algeria,DZA,0,0,0,11,11
84980,2018,Lebanon,LBN,Malaysia,MYS,0,0,5,0,5
11138,2018,Angola,AGO,United States of America,USA,22,0,0,0,22
10764,2018,Ukraine,UKR,Cyprus,CYP,0,0,0,10,10
55140,2018,Palestinian,PSE,Bosnia and Herzegovina,BIH,0,0,0,32,32
56435,2018,Russian Federation,RUS,New Zealand,NZL,15,0,0,0,15
11098,2018,Kazakhstan,KAZ,Poland,POL,5,5,12,0,22
73546,2018,Libya,LBY,Sweden,SWE,5,0,24,21,50
55434,2018,Eritrea,ERI,Denmark,DNK,585,20,5,0,610
55471,2018,Egypt,EGY,Estonia,EST,0,0,5,0,5
55790,2018,Albania,ALB,Greece,GRC,5,0,2448,483,2936
16061,2018,Chad,TCD,United States of America,USA,0,0,5,0,5
56979,2018,Tunisia,TUN,Switzerland,CHE,0,0,49,278,327
66166,2018,Honduras,HND,United States of America,USA,791,0,1737,2363,4891
55822,2018,Jordan,JOR,Greece,GRC,11,0,0,10,21
66211,2018,Nigeria,NGA,United States of America,USA,362,0,1221,295,1878
54982,2018,Central African Rep.,CAF,Burundi,BDI,5,0,0,0,5
55660,2018,Cameroon,CMR,United Kingdom of Great Britain and Northern Ireland,GBR,64,15,171,5,255
73355,2018,Montenegro,MNE,Belgium,BEL,0,0,5,0,5
55231,2018,Japan,JPN,Canada,CAN,0,0,0,5,5
73507,2018,Turkey,TUR,Norway,NOR,0,0,0,5,5
10630,2018,South Africa,ZAF,Australia,AUS,0,0,0,13,13
55945,2018,Syrian Arab Rep.,SYR,Iceland,ISL,5,5,0,11,21
68198,2018,Tajikistan,TJK,Sweden,SWE,0,0,19,10,29
54951,2018,Myanmar,MMR,Australia,AUS,89,0,5,0,94
55906,2018,Dem. Rep. of the Congo,COD,Hungary,HUN,5,0,0,0,5
55396,2018,Palestinian,PSE,Czechia,CZE,0,0,0,5,5
56162,2018,Pakistan,PAK,Lithuania,LTU,0,0,5,0,5
66159,2018,Ghana,GHA,United States of America,USA,12,0,18,30,60
68110,2018,Bangladesh,BGD,Romania,ROU,0,0,5,0,5
56981,2018,Uganda,UGA,Switzerland,CHE,0,0,5,14,19
73396,2018,Burkina Faso,BFA,Germany,DEU,5,0,0,14,19
55228,2018,Italy,ITA,Canada,CAN,0,0,30,5,35
73386,2018,Ukraine,UKR,United Kingdom of Great Britain and Northern Ireland,GBR,0,0,5,0,5
68001,2018,Bangladesh,BGD,Germany,DEU,15,31,858,405,1309
10914,2018,Uganda,UGA,Greece,GRC,0,0,5,0,5
55732,2018,Singapore,SGP,United Kingdom of Great Britain and Northern Ireland,GBR,0,0,12,0,12
84901,2018,Cameroon,CMR,Libya,LBY,0,0,0,5,5
10752,2018,Bangladesh,BGD,Cyprus,CYP,0,0,70,21,91
85111,2018,Afghanistan,AFG,Turkey,TUR,1155,0,0,44773,45928
11036,2018,Albania,ALB,Norway,NOR,0,0,29,0,29
84973,2018,Dem. Rep. of the Congo,COD,Malaysia,MYS,0,0,5,0,5
10652,2018,Azerbaijan,AZE,Canada,CAN,10,0,34,5,49
56643,2018,Yemen,YEM,Russian Federation,RUS,0,0,0,22,22
57075,2018,Eritrea,ERI,Zimbabwe,ZWE,0,0,0,5,5
55700,2018,Libya,LBY,United Kingdom of Great Britain and Northern Ireland,GBR,219,1034,5,44,1302
77216,2018,Eritrea,ERI,Egypt,EGY,5,0,0,0,5
21409,2019,Turkmenistan,TKM,Ecuador,ECU,0,0,10,0,10
11744,2019,Uganda,UGA,Norway,NOR,0,0,5,0,5
21416,2019,Central African Rep.,CAF,Gambia,GMB,0,0,0,5,5
77394,2019,Pakistan,PAK,Sri Lanka,LKA,0,0,12,5,17
11327,2019,Dominican Rep.,DOM,Canada,CAN,0,0,10,0,10
57320,2019,India,IND,Brazil,BRA,0,0,0,5,5
11735,2019,Saudi Arabia,SAU,Norway,NOR,0,0,0,5,5
21500,2019,Libya,LBY,Rep. of Korea,KOR,0,0,0,5,5
58384,2019,Cuba,CUB,Latvia,LVA,0,0,5,5,10
57435,2019,Japan,JPN,Canada,CAN,0,0,5,0,5
57819,2019,Bangladesh,BGD,United Kingdom of Great Britain and Northern Ireland,GBR,88,45,578,112,823
22729,2019,Ghana,GHA,Finland,FIN,0,0,10,5,15
57189,2019,Afghanistan,AFG,Belgium,BEL,154,171,287,366,978
58349,2019,Benin,BEN,Luxembourg,LUX,0,0,10,0,10
59105,2019,Bulgaria,BGR,Sweden,SWE,0,0,5,0,5
68264,2019,Gambia,GMB,Germany,DEU,5,62,1927,1641,3635
73664,2019,Cameroon,CMR,Germany,DEU,5,0,22,83,110
11264,2019,Lebanon,LBN,Australia,AUS,0,0,101,5,106
70614,2019,Saudi Arabia,SAU,Germany,DEU,22,0,5,5,32
57323,2019,Jordan,JOR,Brazil,BRA,0,0,5,0,5
85424,2019,Cameroon,CMR,Malaysia,MYS,5,0,0,0,5
58207,2019,Gambia,GMB,Italy,ITA,280,138,3972,5,4395
21541,2019,Libya,LBY,North Macedonia,MKD,0,0,0,10,10
77374,2019,Iraq,IRQ,Jordan,JOR,5,0,0,17,22
73595,2019,Colombia,COL,Belgium,BEL,0,0,17,0,17
58836,2019,Sudan,SDN,Romania,ROU,0,0,11,0,11
57496,2019,United Arab Emirates,ARE,Canada,CAN,0,0,0,5,5
57794,2019,Syrian Arab Rep.,SYR,France,FRA,869,1604,553,26,3052
58687,2019,Cuba,CUB,Panama,PAN,0,0,0,1215,1215
11701,2019,Burundi,BDI,Norway,NOR,0,0,5,0,5
57900,2019,Viet Nam,VNM,United Kingdom of Great Britain and Northern Ireland,GBR,266,84,336,115,801
11791,2019,Palestinian,PSE,South Africa,ZAF,0,0,0,5,5
58742,2019,Pakistan,PAK,Poland,POL,0,0,13,10,23
85567,2019,Chad,TCD,United Arab Emirates,ARE,5,0,0,0,5
58006,2019,Mali,MLI,Greece,GRC,5,5,14,16,40
58690,2019,Guatemala,GTM,Panama,PAN,0,0,0,5,5
11240,2019,Bangladesh,BGD,Australia,AUS,14,0,196,10,220
58744,2019,Somalia,SOM,Poland,POL,0,5,0,0,5
86623,2019,Dem. Rep. of the Congo,COD,Cameroon,CMR,0,0,0,12,12
21376,2019,Ethiopia,ETH,Chad,TCD,5,0,0,5,10
86619,2019,Sudan,SDN,Egypt,EGY,33,0,11,10,54
59078,2019,Viet Nam,VNM,Slovenia,SVN,0,0,0,5,5
68287,2019,Libya,LBY,Germany,DEU,19,79,213,334,645
57997,2019,Kazakhstan,KAZ,Greece,GRC,0,0,0,5,5
21364,2019,Cameroon,CMR,Central African Rep.,CAF,19,0,5,0,24
57702,2019,Azerbaijan,AZE,France,FRA,35,5,179,5,224
21359,2019,Syrian Arab Rep.,SYR,Bulgaria,BGR,335,0,10,60,405
21429,2019,Togo,TGO,Cote d'Ivoire,CIV,0,0,10,0,10
58272,2019,Ukraine,UKR,Italy,ITA,105,387,3515,0,4007
11629,2019,Sri Lanka,LKA,Ireland,IRL,0,0,5,0,5
57227,2019,Iraq,IRQ,Belgium,BEL,177,63,301,313,854
11388,2019,Somalia,SOM,Canada,CAN,59,0,49,0,108
70566,2019,Indonesia,IDN,Germany,DEU,0,0,10,0,10
59390,2019,South Sudan,SSD,Zimbabwe,ZWE,0,0,0,5,5
66263,2019,Australia,AUS,United States of America,USA,0,0,5,5,10
11761,2019,Iraq,IRQ,Poland,POL,0,0,10,0,10
57709,2019,Brazil,BRA,France,FRA,5,0,43,5,53
85279,2019,Nigeria,NGA,India,IND,0,0,5,0,5
57889,2019,Portugal,PRT,United Kingdom of Great Britain and Northern Ireland,GBR,0,0,5,0,5
11970,2019,Mali,MLI,United States of America,USA,23,0,5,15,43
70624,2019,Sweden,SWE,Germany,DEU,0,0,5,0,5
74892,2019,Sudan,SDN,Russian Federation,RUS,0,0,0,12,12
21496,2019,Kazakhstan,KAZ,Rep. of Korea,KOR,0,0,863,898,1761
16194,2019,Ghana,GHA,United States of America,USA,52,0,56,49,157
58877,2019,Niger,NER,South Africa,ZAF,0,0,26,0,26
75082,2019,Somalia,SOM,Niger,NER,32,0,0,0,32
59171,2019,Serbia and Kosovo: S/RES/1244 (1999),SRB,Sweden,SWE,0,5,230,80,315
57095,2019,China,CHN,Argentina,ARG,0,0,14,0,14
58071,2019,Ghana,GHA,Hungary,HUN,0,0,5,0,5
85445,2019,Turkey,TUR,Malaysia,MYS,5,0,0,0,5
21571,2019,Viet Nam,VNM,Philippines,PHL,5,0,0,0,5
11978,2019,Nicaragua,NIC,United States of America,USA,5,0,10,23,38
73800,2019,Stateless,XXA,Norway,NOR,5,0,0,0,5
16198,2019,Guyana,GUY,United States of America,USA,0,0,14,0,14
73723,2019,Uzbekistan,UZB,Germany,DEU,0,0,0,10,10
57238,2019,Mexico,MEX,Belgium,BEL,0,0,10,0,10
21278,2019,Gambia,GMB,Austria,AUT,10,0,36,11,57
58597,2019,Liberia,LBR,Nigeria,NGA,0,0,0,5,5
70555,2019,United Kingdom of Great Britain and Northern Ireland,GBR,Germany,DEU,0,0,5,0,5
58628,2019,Rep. of Moldova,MDA,Norway,NOR,0,0,5,0,5
58827,2019,Myanmar,MMR,Romania,ROU,0,0,5,0,5
85457,2019,Cameroon,CMR,Morocco,MAR,32,0,167,463,662
21424,2019,Iraq,IRQ,Cote d'Ivoire,CIV,5,0,0,0,5
58141,2019,Libya,LBY,Ireland,IRL,49,20,0,5,74
59128,2019,Honduras,HND,Sweden,SWE,5,0,26,0,31
61347,2020,Gambia,GMB,Sweden,SWE,5,0,71,41,117
12492,2020,Pakistan,PAK,Norway,NOR,0,0,18,14,32
74035,2020,Tajikistan,TJK,Germany,DEU,21,0,15,158,194
12486,2020,Mexico,MEX,Norway,NOR,0,0,5,0,5
74028,2020,Sierra Leone,SLE,Germany,DEU,0,5,10,53,68
60170,2020,Niger,NER,United Kingdom of Great Britain and Northern Ireland,GBR,0,0,0,5,5
73876,2020,Egypt,EGY,Belgium,BEL,0,0,15,0,15
73952,2020,Iraq,IRQ,Finland,FIN,193,37,369,493,1092
70693,2020,Jamaica,JAM,Germany,DEU,5,0,0,19,24
59498,2020,Timor-Leste,TLS,Australia,AUS,0,0,0,19,19
60367,2020,Sierra Leone,SLE,Croatia,HRV,0,0,5,0,5
60294,2020,Kyrgyzstan,KGZ,Greece,GRC,0,0,5,0,5
74059,2020,Eritrea,ERI,Netherlands,NLD,11,0,26,11,48
59831,2020,El Salvador,SLV,Costa Rica,CRI,229,0,311,403,943
12739,2020,Nigeria,NGA,United States of America,USA,111,0,33,48,192
61005,2020,Georgia,GEO,Poland,POL,0,0,57,27,84
16363,2020,Yemen,YEM,United States of America,USA,11,0,12,0,23
59431,2020,Egypt,EGY,Australia,AUS,32,0,26,0,58
74918,2020,Iraq,IRQ,Russian Federation,RUS,0,0,0,5,5
60648,2020,Senegal,SEN,Luxembourg,LUX,0,0,10,0,10
85698,2020,Iran (Islamic Rep. of),IRN,Indonesia,IDN,5,0,5,0,10
66448,2020,Guyana,GUY,United States of America,USA,0,0,33,12,45
12367,2020,Somalia,SOM,Greece,GRC,5,5,44,0,54
60650,2020,Sudan,SDN,Luxembourg,LUX,21,0,12,5,38
12137,2020,United Rep. of Tanzania,TZA,Canada,CAN,15,0,21,0,43
66508,2020,Serbia and Kosovo: S/RES/1244 (1999),SRB,United States of America,USA,5,0,53,44,102
60803,2020,Honduras,HND,Netherlands,NLD,0,0,5,0,5
59778,2020,Rwanda,RWA,Canada,CAN,170,0,51,0,231
85716,2020,Ethiopia,ETH,Jordan,JOR,5,0,0,0,5
60496,2020,Costa Rica,CRI,Italy,ITA,0,0,5,0,5
12330,2020,Ethiopia,ETH,Greece,GRC,10,0,70,17,97
85589,2020,Liberia,LBR,Algeria,DZA,0,0,0,5,5
60480,2020,Azerbaijan,AZE,Italy,ITA,17,11,16,0,44
12247,2020,Georgia,GEO,France,FRA,30,20,2519,17,2586
12705,2020,Fiji,FJI,United States of America,USA,0,0,5,0,5
60935,2020,Myanmar,MMR,Nauru,NRU,12,0,0,0,12
74121,2020,Djibouti,DJI,Sweden,SWE,0,0,12,0,12
61288,2020,Ukraine,UKR,Slovakia,SVK,0,0,0,5,5
12521,2020,Georgia,GEO,Poland,POL,0,0,40,0,40
66536,2020,Zimbabwe,ZWE,United States of America,USA,27,0,35,23,85
70650,2020,Bahrain,BHR,Germany,DEU,5,0,0,0,5
12110,2020,Kuwait,KWT,Canada,CAN,0,0,5,0,5
61175,2020,Pakistan,PAK,Serbia and Kosovo: S/RES/1244 (1999),SRB,0,0,5,0,5
85737,2020,Congo,COG,Libya,LBY,0,0,0,5,5
12404,2020,Somalia,SOM,Iceland,ISL,0,0,5,11,16
21612,2020,Iran (Islamic Rep. of),IRN,Austria,AUT,705,17,286,89,1097
59701,2020,Viet Nam,VNM,Cambodia,KHM,0,0,0,15,15
21835,2020,Syrian Arab Rep.,SYR,Philippines,PHL,14,0,0,0,14
74034,2020,United Rep. of Tanzania,TZA,Germany,DEU,0,0,0,5,5
61455,2020,Iran (Islamic Rep. of),IRN,Switzerland,CHE,213,168,407,38,826
59499,2020,Tonga,TON,Australia,AUS,0,0,60,19,79
12310,2020,Zimbabwe,ZWE,France,FRA,0,0,5,0,5
59632,2020,Yemen,YEM,Belarus,BLR,0,5,0,0,5
61259,2020,Uruguay,URY,Spain,ESP,0,0,46,0,46
12363,2020,El Salvador,SLV,Greece,GRC,0,0,5,0,5
61353,2020,Guinea,GIN,Sweden,SWE,5,0,10,5,20
61485,2020,Saudi Arabia,SAU,Switzerland,CHE,5,5,0,0,10
60870,2020,Mali,MLI,Niger,NER,0,0,0,12,12
60066,2020,Mongolia,MNG,France,FRA,11,11,124,10,156
61382,2020,Nigeria,NGA,Sweden,SWE,24,0,203,82,309
75084,2020,Ethiopia,ETH,Niger,NER,15,0,0,0,15
85760,2020,Iraq,IRQ,Lebanon,LBN,5,0,5,1997,2007
60284,2020,Ghana,GHA,Greece,GRC,17,0,116,34,167
61516,2020,Lebanon,LBN,Togo,TGO,5,0,0,19,24
12059,2020,Zambia,ZMB,Australia,AUS,5,0,0,0,5
66433,2020,Djibouti,DJI,United States of America,USA,22,0,11,5,38
12289,2020,Senegal,SEN,France,FRA,96,14,737,5,852
21826,2020,Guatemala,GTM,Philippines,PHL,0,0,0,5,5
60923,2020,Uganda,UGA,Norway,NOR,0,0,5,0,5
85897,2020,Libya,LBY,Tunisia,TUN,26,0,0,0,26
12668,2020,Tajikistan,TJK,Sweden,SWE,0,0,53,5,58
2054,2020,Afghanistan,AFG,United Kingdom of Great Britain and Northern Ireland,GBR,99,0,101,42,242
60726,2020,Yemen,YEM,Mexico,MEX,0,0,0,5,5
85809,2020,Libya,LBY,Malaysia,MYS,0,0,0,5,5
60558,2020,Togo,TGO,Italy,ITA,10,37,93,0,140
68451,2020,Guinea-Bissau,GNB,Germany,DEU,0,10,26,61,97
12319,2020,Burkina Faso,BFA,Greece,GRC,0,0,23,5,28
85694,2020,Cameroon,CMR,Indonesia,IDN,0,0,5,0,5
12580,2020,Zambia,ZMB,South Africa,ZAF,21,0,5,0,26
66479,2020,North Macedonia,MKD,United States of America,USA,0,0,10,5,15
66467,2020,Rep. of Korea,KOR,United States of America,USA,0,0,11,29,40
12217,2020,Egypt,EGY,France,FRA,45,0,92,5,142
60525,2020,Mauritania,MRT,Italy,ITA,5,5,5,0,15
59857,2020,Pakistan,PAK,Cyprus,CYP,0,0,553,240,793
12714,2020,Honduras,HND,United States of America,USA,11,0,49,103,163
86658,2021,Cambodia,KHM,Thailand,THA,5,0,0,0,5
63003,2021,Belize,BLZ,Mexico,MEX,15,0,11,0,26
63803,2021,Turkey,TUR,Switzerland,CHE,1964,136,224,94,2418
77564,2021,Ethiopia,ETH,India,IND,0,0,0,5,5
62450,2021,Western Sahara,ESH,United Kingdom of Great Britain and Northern Ireland,GBR,5,0,0,0,5
62960,2021,Libya,LBY,Luxembourg,LUX,0,0,5,0,5
62901,2021,Afghanistan,AFG,Kazakhstan,KAZ,0,0,11,0,11
63531,2021,Sri Lanka,LKA,Spain,ESP,0,5,0,0,5
12887,2021,Liberia,LBR,Canada,CAN,5,0,11,0,16
61967,2021,Mauritania,MRT,Canada,CAN,92,0,13,10,115
13242,2021,Libya,LBY,Malta,MLT,0,0,31,10,41
66590,2021,Guinea,GIN,United States of America,USA,42,0,49,18,109
13100,2021,China,CHN,Greece,GRC,0,0,38,5,43
63254,2021,Iraq,IRQ,Norway,NOR,5,0,11,11,27
61632,2021,Peru,PER,Argentina,ARG,5,0,0,5,10
62227,2021,Syrian Arab Rep.,SYR,Finland,FIN,51,21,5,12,89
21980,2021,Stateless,XXA,Cyprus,CYP,10,0,0,0,10
13503,2021,Niger,NER,United States of America,USA,5,0,0,0,5
61631,2021,Paraguay,PRY,Argentina,ARG,10,0,0,0,10
62468,2021,Kazakhstan,KAZ,Georgia,GEO,0,5,13,0,18
62080,2021,India,IND,Cyprus,CYP,0,0,0,64,64
63558,2021,Tunisia,TUN,Spain,ESP,36,0,341,0,377
62471,2021,Morocco,MAR,Georgia,GEO,0,0,0,5,5
63721,2021,Turkey,TUR,Sweden,SWE,282,0,144,29,455
63888,2021,Haiti,HTI,Venezuela (Bolivarian Republic of),VEN,5,0,0,0,5
68564,2021,Russian Federation,RUS,Belarus,BLR,0,0,5,5,10
62343,2021,Zimbabwe,ZWE,France,FRA,5,0,5,0,10
63782,2021,Nepal,NPL,Switzerland,CHE,0,5,0,0,5
16414,2021,Kyrgyzstan,KGZ,United States of America,USA,17,0,5,5,27
74218,2021,Dem. Rep. of the Congo,COD,Germany,DEU,0,0,5,17,22
13102,2021,Congo,COG,Greece,GRC,0,0,23,5,28
13103,2021,Dem. Rep. of the Congo,COD,Greece,GRC,50,22,966,147,1185
77530,2021,Ethiopia,ETH,Egypt,EGY,22,0,1367,0,1389
77582,2021,Liberia,LBR,Mauritania,MRT,0,0,5,0,5
63134,2021,Dem. Rep. of the Congo,COD,Netherlands,NLD,0,0,12,0,12
63106,2021,Angola,AGO,Namibia,NAM,5,0,0,0,5
63689,2021,Liberia,LBR,Sweden,SWE,0,0,0,5,5
21843,2021,Egypt,EGY,Austria,AUT,5,0,551,180,736
74394,2021,Venezuela (Bolivarian Republic of),VEN,Sweden,SWE,0,0,10,0,10
13188,2021,Dem. Rep. of the Congo,COD,Ireland,IRL,21,0,17,5,43
13514,2021,Rwanda,RWA,United States of America,USA,25,0,11,5,41
13279,2021,Nicaragua,NIC,Norway,NOR,5,0,5,0,10
13013,2021,Ethiopia,ETH,France,FRA,159,29,381,38,607
86219,2021,Syrian Arab Rep.,SYR,United Arab Emirates,ARE,68,0,0,23,91
62299,2021,Mali,MLI,France,FRA,478,57,2270,26,2831
61733,2021,India,IND,Belgium,BEL,0,0,10,0,10
74375,2021,Peru,PER,Sweden,SWE,0,0,5,0,5
13351,2021,Brazil,BRA,Sweden,SWE,0,0,10,0,10
13483,2021,Jordan,JOR,United States of America,USA,11,0,5,31,47
63238,2021,Niger,NER,Nigeria,NGA,0,0,0,1430,1430
12957,2021,Cameroon,CMR,Denmark,DNK,0,0,5,0,5
62709,2021,Libya,LBY,Croatia,HRV,0,0,5,0,5
63873,2021,Turkey,TUR,Ukraine,UKR,0,0,0,12,12
12916,2021,El Salvador,SLV,Canada,CAN,17,0,28,10,55
21884,2021,Mali,MLI,Austria,AUT,0,0,5,0,5
62501,2021,Central African Rep.,CAF,Germany,DEU,0,5,0,0,5
62350,2021,Egypt,EGY,United Kingdom of Great Britain and Northern Ireland,GBR,92,5,84,10,191
85947,2021,Iraq,IRQ,Egypt,EGY,53,0,92,49,194
62522,2021,Guinea-Bissau,GNB,Germany,DEU,0,5,28,25,58
63287,2021,Indonesia,IDN,New Zealand,NZL,0,0,43,24,67
13453,2021,Brazil,BRA,United States of America,USA,0,0,10,92,102
74965,2021,Uzbekistan,UZB,Russian Federation,RUS,36,0,0,20,56
61994,2021,Russian Federation,RUS,Canada,CAN,103,0,23,5,131
63341,2021,Lebanon,LBN,Poland,POL,0,5,5,0,10
62272,2021,Guinea-Bissau,GNB,France,FRA,17,5,100,0,122
13054,2021,Nicaragua,NIC,France,FRA,11,0,5,0,16
62989,2021,Uzbekistan,UZB,Latvia,LVA,0,0,5,0,5
63771,2021,Libya,LBY,Switzerland,CHE,10,13,16,137,176
63337,2021,Iraq,IRQ,Poland,POL,0,0,274,43,317
66614,2021,Lao People's Dem. Rep.,LAO,United States of America,USA,0,0,32,5,37
77575,2021,Pakistan,PAK,Sri Lanka,LKA,0,0,0,11,11
85969,2021,Afghanistan,AFG,China,CHN,14,0,0,0,14
62871,2021,Nigeria,NGA,Italy,ITA,1086,1177,4353,5,6621
13204,2021,Pakistan,PAK,Ireland,IRL,37,5,60,23,125
62981,2021,Iran (Islamic Rep. of),IRN,Latvia,LVA,0,0,5,0,5
62552,2021,Mongolia,MNG,Germany,DEU,0,10,69,12,91
62201,2021,Ethiopia,ETH,Finland,FIN,5,0,11,0,16
63671,2021,France,FRA,Sweden,SWE,0,0,5,0,5
68636,2021,Eritrea,ERI,Germany,DEU,64,218,359,724,1365
61683,2021,Somalia,SOM,Australia,AUS,0,0,5,0,5
62125,2021,Algeria,DZA,Denmark,DNK,0,0,14,0,14
61769,2021,Tajikistan,TJK,Belgium,BEL,0,0,5,0,5
61748,2021,Mongolia,MNG,Belgium,BEL,0,0,5,0,5
63117,2021,Egypt,EGY,Netherlands,NLD,83,32,67,26,208
86088,2021,Pakistan,PAK,Sri Lanka,LKA,31,0,20,12,63
