,Year,Country of origin,Country of origin (ISO),Country of asylum,Country of asylum (ISO)
100,2001,Brazil,BRA,Australia,AUS
669,2001,Sudan,SDN,Dem. Rep. of the Congo,COD
815,2001,Tunisia,TUN,Denmark,DNK
2302,2001,Slovakia,SVK,Switzerland,CHE
338,2001,Myanmar,MMR,Bangladesh,BGD
1498,2001,Burundi,BDI,Mali,MLI
471,2001,Bosnia and Herzegovina,BIH,Canada,CAN
1292,2001,Eritrea,ERI,Iraq,IRQ
774,2001,Gambia,GMB,Denmark,DNK
1247,2001,Bulgaria,BGR,Ireland,IRL
1514,2001,Philippines,PHL,Malaysia,MYS
2170,2001,Indonesia,IDN,Sweden,SWE
1252,2001,Dem. Rep. of the Congo,COD,Ireland,IRL
1955,2001,Pakistan,PAK,South Africa,ZAF
1447,2001,Congo,COG,Madagascar,MDG
2409,2001,Dem. Rep. of the Congo,COD,Ukraine,UKR
2306,2001,Turkmenistan,TKM,Switzerland,CHE
1294,2001,Iran (Islamic Rep. of),IRN,Iraq,IRQ
448,2001,Sri Lanka,LKA,Cambodia,KHM
813,2001,Tajikistan,TJK,Denmark,DNK
912,2001,Egypt,EGY,France,FRA
1291,2001,Iraq,IRQ,Iran (Islamic Rep. of),IRN
1542,2001,Iran (Islamic Rep. of),IRN,Morocco,MAR
503,2001,Germany,DEU,Canada,CAN
2004,2001,Angola,AGO,Senegal,SEN
242,2001,Somalia,SOM,Burundi,BDI
562,2001,Poland,POL,Canada,CAN
778,2001,Guatemala,GTM,Denmark,DNK
1487,2001,Pakistan,PAK,Mexico,MEX
411,2001,United Rep. of Tanzania,TZA,Brazil,BRA
1790,2001,Afghanistan,AFG,New Zealand,NZL
1431,2001,Tunisia,TUN,Lebanon,LBN
1350,2001,Rwanda,RWA,Italy,ITA
1589,2001,Tibetan,TIB,Nepal,NPL
2193,2001,Malawi,MWI,Sweden,SWE
1257,2001,Palestinian,PSE,Ireland,IRL
2520,2001,Tajikistan,TJK,Uzbekistan,UZB
2493,2001,Pakistan,PAK,United States of America,USA
974,2001,Niger,NER,France,FRA
360,2001,Cuba,CUB,Bolivia (Plurinational State of),BOL
226,2001,Syrian Arab Rep.,SYR,Austria,AUT
1772,2001,Serbia and Kosovo: S/RES/1244 (1999),SRB,Norway,NOR
1947,2001,Dem. Rep. of the Congo,COD,South Africa,ZAF
636,2001,Viet Nam,VNM,China,CHN
239,2001,Russian Federation,RUS,Azerbaijan,AZE
2468,2001,India,IND,United States of America,USA
1491,2001,El Salvador,SLV,Mexico,MEX
2544,2001,Afghanistan,AFG,Zimbabwe,ZWE
319,2001,Burkina Faso,BFA,Benin,BEN
1995,2001,Syrian Arab Rep.,SYR,Saudi Arabia,SAU
1145,2001,Sierra Leone,SLE,"China, Hong Kong SAR",HKG
2310,2001,Uganda,UGA,Switzerland,CHE
942,2001,Palestinian,PSE,France,FRA
2104,2001,Russian Federation,RUS,Slovakia,SVK
1715,2001,Togo,TGO,Nigeria,NGA
315,2001,Ukraine,UKR,Belgium,BEL
2512,2001,Uganda,UGA,United States of America,USA
1380,2001,Afghanistan,AFG,Kazakhstan,KAZ
185,2001,Bosnia and Herzegovina,BIH,Austria,AUT
245,2001,Algeria,DZA,Belgium,BEL
1166,2001,Palestinian,PSE,Hungary,HUN
1999,2001,Croatia,HRV,Serbia and Kosovo: S/RES/1244 (1999),SRB
1469,2001,Bolivia (Plurinational State of),BOL,Mexico,MEX
2522,2001,Colombia,COL,Venezuela (Bolivarian Republic of),VEN
513,2001,Croatia,HRV,Canada,CAN
138,2001,Libya,LBY,Australia,AUS
2159,2001,Georgia,GEO,Sweden,SWE
630,2001,Somalia,SOM,Chad,TCD
60,2001,Chile,CHL,Argentina,ARG
1239,2001,Angola,AGO,Ireland,IRL
273,2001,Guatemala,GTM,Belgium,BEL
1108,2001,Romania,ROU,Greece,GRC
355,2001,Palestinian,PSE,Belarus,BLR
787,2001,Kuwait,KWT,Denmark,DNK
305,2001,Sierra Leone,SLE,Belgium,BEL
229,2001,Tunisia,TUN,Austria,AUT
366,2001,Ethiopia,ETH,Botswana,BWA
1851,2001,Bulgaria,BGR,Peru,PER
1645,2001,Lebanon,LBN,Netherlands,NLD
2249,2001,Chad,TCD,Switzerland,CHE
1557,2001,Somalia,SOM,Morocco,MAR
2241,2001,Burundi,BDI,Switzerland,CHE
1255,2001,Eritrea,ERI,Ireland,IRL
858,2001,Azerbaijan,AZE,Finland,FIN
2502,2001,Sierra Leone,SLE,United States of America,USA
4174,2002,Sierra Leone,SLE,Libya,LBY
2826,2002,Cameroon,CMR,Belgium,BEL
4647,2002,Stateless,XXA,Philippines,PHL
4468,2002,Cameroon,CMR,Nigeria,NGA
2744,2002,Angola,AGO,Austria,AUT
4140,2002,China,CHN,Kazakhstan,KAZ
5325,2002,Yemen,YEM,United States of America,USA
3023,2002,Argentina,ARG,Canada,CAN
4711,2002,Dem. Rep. of the Congo,COD,Romania,ROU
4148,2002,Eritrea,ERI,Kenya,KEN
5371,2002,Pakistan,PAK,Zimbabwe,ZWE
3637,2002,Russian Federation,RUS,United Kingdom of Great Britain and Northern Ireland,GBR
4682,2002,Angola,AGO,Portugal,PRT
5015,2002,Venezuela (Bolivarian Republic of),VEN,Sweden,SWE
4212,2002,Guinea,GIN,Mauritania,MRT
4882,2002,Armenia,ARM,Slovakia,SVK
4624,2002,El Salvador,SLV,Panama,PAN
4741,2002,Nigeria,NGA,South Africa,ZAF
4375,2002,Cuba,CUB,Netherlands,NLD
3465,2002,Serbia and Kosovo: S/RES/1244 (1999),SRB,Finland,FIN
2776,2002,Sri Lanka,LKA,Austria,AUT
3895,2002,Serbia and Kosovo: S/RES/1244 (1999),SRB,Croatia,HRV
3322,2002,Belarus,BLR,Denmark,DNK
4732,2002,Ghana,GHA,South Africa,ZAF
3840,2002,Iraq,IRQ,Greece,GRC
3715,2002,Hungary,HUN,Germany,DEU
5174,2002,Burundi,BDI,Uganda,UGA
4739,2002,Liberia,LBR,South Africa,ZAF
3509,2002,Ecuador,ECU,France,FRA
4103,2002,Peru,PER,Italy,ITA
4601,2002,Stateless,XXA,New Zealand,NZL
3264,2002,El Salvador,SLV,Cuba,CUB
4555,2002,Ukraine,UKR,Norway,NOR
2762,2002,Gambia,GMB,Austria,AUT
4178,2002,Afghanistan,AFG,Lebanon,LBN
4928,2002,Bosnia and Herzegovina,BIH,Sweden,SWE
3763,2002,Pakistan,PAK,Germany,DEU
4141,2002,Ethiopia,ETH,Kazakhstan,KAZ
4745,2002,Senegal,SEN,South Africa,ZAF
4854,2002,Pakistan,PAK,Spain,ESP
4673,2002,Sierra Leone,SLE,Poland,POL
3831,2002,China,CHN,Greece,GRC
5259,2002,Kyrgyzstan,KGZ,United States of America,USA
4440,2002,United Rep. of Tanzania,TZA,Netherlands,NLD
3042,2002,China,CHN,Canada,CAN
2568,2002,Serbia and Kosovo: S/RES/1244 (1999),SRB,Albania,ALB
3388,2002,Eritrea,ERI,Djibouti,DJI
4636,2002,Poland,POL,Peru,PER
4058,2002,Eritrea,ERI,Israel,ISR
5122,2002,Lao People's Dem. Rep.,LAO,Thailand,THA
4849,2002,Rep. of Moldova,MDA,Spain,ESP
2963,2002,Liberia,LBR,Brazil,BRA
3098,2002,Lithuania,LTU,Canada,CAN
5366,2002,Ethiopia,ETH,Zimbabwe,ZWE
4365,2002,Bosnia and Herzegovina,BIH,Netherlands,NLD
2944,2002,Algeria,DZA,Brazil,BRA
2708,2002,Morocco,MAR,Australia,AUS
2989,2002,Cameroon,CMR,Bulgaria,BGR
3209,2002,Iraq,IRQ,Chile,CHL
2822,2002,Cambodia,KHM,Belgium,BEL
3282,2002,Armenia,ARM,Czechia,CZE
2684,2002,Guinea,GIN,Australia,AUS
3740,2002,Lithuania,LTU,Germany,DEU
5127,2002,Iran (Islamic Rep. of),IRN,Tajikistan,TJK
4803,2002,Ethiopia,ETH,Somalia,SOM
5304,2002,Spain,ESP,United States of America,USA
2844,2002,Hungary,HUN,Belgium,BEL
4107,2002,Serbia and Kosovo: S/RES/1244 (1999),SRB,Italy,ITA
4230,2002,Cuba,CUB,Mexico,MEX
4312,2002,Rwanda,RWA,Morocco,MAR
3174,2002,Cote d'Ivoire,CIV,Central African Rep.,CAF
4700,2002,Sierra Leone,SLE,Portugal,PRT
3690,2002,Cabo Verde,CPV,Germany,DEU
4966,2002,Lao People's Dem. Rep.,LAO,Sweden,SWE
5327,2002,Zimbabwe,ZWE,United States of America,USA
4333,2002,Iran (Islamic Rep. of),IRN,Malta,MLT
4720,2002,Somalia,SOM,Romania,ROU
3220,2002,Dem. Rep. of the Congo,COD,Cameroon,CMR
3634,2002,Poland,POL,United Kingdom of Great Britain and Northern Ireland,GBR
3996,2002,Bulgaria,BGR,Ireland,IRL
4608,2002,Iraq,IRQ,Pakistan,PAK
4358,2002,Azerbaijan,AZE,Netherlands,NLD
5089,2002,Turkmenistan,TKM,Switzerland,CHE
2741,2002,Afghanistan,AFG,Austria,AUT
3854,2002,Syrian Arab Rep.,SYR,Greece,GRC
5517,2003,Dem. People's Rep. of Korea,PRK,Australia,AUS
5903,2003,Guinea,GIN,Canada,CAN
7917,2003,Bangladesh,BGD,Switzerland,CHE
5859,2003,Belgium,BEL,Canada,CAN
8119,2003,Albania,ALB,United States of America,USA
8085,2003,Angola,AGO,Ukraine,UKR
7098,2003,Ethiopia,ETH,Mexico,MEX
6598,2003,Libya,LBY,Germany,DEU
5722,2003,Iraq,IRQ,Benin,BEN
7650,2003,Uzbekistan,UZB,Russian Federation,RUS
8115,2003,Russian Federation,RUS,Uruguay,URY
7659,2003,Eritrea,ERI,Saudi Arabia,SAU
7635,2003,Afghanistan,AFG,Russian Federation,RUS
6428,2003,Dem. Rep. of the Congo,COD,Gambia,GMB
5770,2003,Angola,AGO,Brazil,BRA
5852,2003,Argentina,ARG,Canada,CAN
5960,2003,Saudi Arabia,SAU,Canada,CAN
6082,2003,Honduras,HND,Costa Rica,CRI
6253,2003,Uganda,UGA,Ethiopia,ETH
7068,2003,Iraq,IRQ,Sri Lanka,LKA
5919,2003,Kenya,KEN,Canada,CAN
6031,2003,Dem. Rep. of the Congo,COD,Chile,CHL
7653,2003,Dem. Rep. of the Congo,COD,Rwanda,RWA
7850,2003,Jordan,JOR,Sweden,SWE
6422,2003,Rwanda,RWA,Gabon,GAB
8020,2003,Sri Lanka,LKA,Thailand,THA
7785,2003,Iraq,IRQ,Slovenia,SVN
6414,2003,Central African Rep.,CAF,Gabon,GAB
6078,2003,Stateless,XXA,Colombia,COL
7611,2003,Cameroon,CMR,South Africa,ZAF
5905,2003,Haiti,HTI,Canada,CAN
6826,2003,Rwanda,RWA,India,IND
6569,2003,Ghana,GHA,Germany,DEU
6097,2003,Western Sahara,ESH,Cuba,CUB
7191,2003,Ethiopia,ETH,Malta,MLT
7776,2003,Romania,ROU,Slovakia,SVK
6674,2003,Sudan,SDN,Ghana,GHA
7661,2003,Iraq,IRQ,Saudi Arabia,SAU
6627,2003,Peru,PER,Germany,DEU
7228,2003,Burundi,BDI,Netherlands,NLD
7518,2003,Serbia and Kosovo: S/RES/1244 (1999),SRB,Peru,PER
7451,2003,Eritrea,ERI,New Zealand,NZL
6138,2003,Sudan,SDN,Czechia,CZE
8069,2003,Somalia,SOM,United Arab Emirates,ARE
6801,2003,Dem. Rep. of the Congo,COD,Cote d'Ivoire,CIV
7060,2003,Turkey,TUR,Lebanon,LBN
5428,2003,Stateless,XXA,Egypt,EGY
7993,2003,Algeria,DZA,Syrian Arab Rep.,SYR
6120,2003,Cuba,CUB,Czechia,CZE
7833,2003,Gambia,GMB,Sweden,SWE
7748,2003,Sudan,SDN,Spain,ESP
7482,2003,Afghanistan,AFG,Pakistan,PAK
5402,2003,Sudan,SDN,Angola,AGO
7366,2003,Azerbaijan,AZE,Norway,NOR
6338,2003,Dem. Rep. of the Congo,COD,France,FRA
7818,2003,Bulgaria,BGR,Sweden,SWE
5889,2003,Ethiopia,ETH,Canada,CAN
7353,2003,Sri Lanka,LKA,Nigeria,NGA
7626,2003,Serbia and Kosovo: S/RES/1244 (1999),SRB,South Africa,ZAF
7300,2003,Rwanda,RWA,Netherlands,NLD
7503,2003,El Salvador,SLV,Panama,PAN
5729,2003,Uganda,UGA,Benin,BEN
7163,2003,Iran (Islamic Rep. of),IRN,Morocco,MAR
6507,2003,Yemen,YEM,United Kingdom of Great Britain and Northern Ireland,GBR
6669,2003,Zambia,ZMB,Germany,DEU
7714,2003,Gambia,GMB,Spain,ESP
5395,2003,Congo,COG,Angola,AGO
6860,2003,Palestinian,PSE,Ireland,IRL
7750,2003,Tajikistan,TJK,Spain,ESP
7529,2003,Stateless,XXA,Philippines,PHL
6055,2003,Central African Rep.,CAF,Congo,COG
5553,2003,Turkey,TUR,Australia,AUS
6424,2003,Viet Nam,VNM,Gabon,GAB
8173,2003,"China, Hong Kong SAR",HKG,United States of America,USA
7972,2003,Serbia and Kosovo: S/RES/1244 (1999),SRB,Switzerland,CHE
7197,2003,Libya,LBY,Malta,MLT
7820,2003,China,CHN,Sweden,SWE
7275,2003,Lebanon,LBN,Netherlands,NLD
8142,2003,Chad,TCD,United States of America,USA
6803,2003,Palestinian,PSE,Cote d'Ivoire,CIV
7557,2003,Sudan,SDN,Poland,POL
7889,2003,Slovakia,SVK,Sweden,SWE
7054,2003,Liberia,LBR,Lebanon,LBN
6217,2003,United States of America,USA,Denmark,DNK
5534,2003,Romania,ROU,Australia,AUS
9336,2004,El Salvador,SLV,France,FRA
10659,2004,Bosnia and Herzegovina,BIH,Spain,ESP
8445,2004,India,IND,Australia,AUS
9092,2004,Egypt,EGY,Denmark,DNK
9087,2004,Stateless,XXA,Czechia,CZE
11072,2004,Afghanistan,AFG,United States of America,USA
10595,2004,Zambia,ZMB,South Africa,ZAF
9275,2004,Chad,TCD,France,FRA
9468,2004,Antigua and Barbuda,ATG,Germany,DEU
10616,2004,Sudan,SDN,Saudi Arabia,SAU
10264,2004,United Rep. of Tanzania,TZA,Netherlands,NLD
10430,2004,Viet Nam,VNM,New Zealand,NZL
10108,2004,Eritrea,ERI,Malawi,MWI
10410,2004,India,IND,New Zealand,NZL
8653,2004,Angola,AGO,Benin,BEN
11158,2004,North Macedonia,MKD,United States of America,USA
9375,2004,Somalia,SOM,Gambia,GMB
9342,2004,Viet Nam,VNM,France,FRA
9697,2004,Bangladesh,BGD,Hungary,HUN
10542,2004,Sudan,SDN,Portugal,PRT
8506,2004,Azerbaijan,AZE,Austria,AUT
9690,2004,Bosnia and Herzegovina,BIH,Croatia,HRV
9269,2004,Belarus,BLR,France,FRA
9811,2004,United Kingdom of Great Britain and Northern Ireland,GBR,Ireland,IRL
9401,2004,Gambia,GMB,United Kingdom of Great Britain and Northern Ireland,GBR
9563,2004,Myanmar,MMR,Germany,DEU
10544,2004,Afghanistan,AFG,Qatar,QAT
9517,2004,Ghana,GHA,Germany,DEU
8565,2004,Iran (Islamic Rep. of),IRN,Azerbaijan,AZE
8826,2004,Chile,CHL,Canada,CAN
10662,2004,Congo,COG,Spain,ESP
11227,2004,Nicaragua,NIC,Venezuela (Bolivarian Republic of),VEN
8685,2004,Eritrea,ERI,Burkina Faso,BFA
10392,2004,Zimbabwe,ZWE,Norway,NOR
8805,2004,Antigua and Barbuda,ATG,Canada,CAN
9887,2004,Burkina Faso,BFA,Italy,ITA
10831,2004,Senegal,SEN,Sweden,SWE
8397,2004,Russian Federation,RUS,Argentina,ARG
10774,2004,Dem. Rep. of the Congo,COD,Sweden,SWE
10077,2004,El Salvador,SLV,Mexico,MEX
11160,2004,Mexico,MEX,United States of America,USA
9120,2004,Iraq,IRQ,Denmark,DNK
9794,2004,Belgium,BEL,Ireland,IRL
11164,2004,Mongolia,MNG,United States of America,USA
9009,2004,Liberia,LBR,Colombia,COL
9448,2004,Thailand,THA,United Kingdom of Great Britain and Northern Ireland,GBR
10987,2004,Tajikistan,TJK,Turkmenistan,TKM
10886,2004,Guinea-Bissau,GNB,Switzerland,CHE
8402,2004,Turkey,TUR,Argentina,ARG
10588,2004,Serbia and Kosovo: S/RES/1244 (1999),SRB,South Africa,ZAF
10296,2004,Cameroon,CMR,Nigeria,NGA
10065,2004,Ethiopia,ETH,Mexico,MEX
9936,2004,Turkey,TUR,Italy,ITA
10932,2004,Ukraine,UKR,Switzerland,CHE
9070,2004,Kazakhstan,KAZ,Czechia,CZE
11161,2004,Mali,MLI,United States of America,USA
11276,2004,Togo,TGO,Zimbabwe,ZWE
8530,2004,Iran (Islamic Rep. of),IRN,Austria,AUT
11107,2004,Denmark,DNK,United States of America,USA
10116,2004,Dem. Rep. of the Congo,COD,Morocco,MAR
8773,2004,Iran (Islamic Rep. of),IRN,Bulgaria,BGR
8526,2004,Croatia,HRV,Austria,AUT
10119,2004,Iraq,IRQ,Morocco,MAR
11094,2004,Canada,CAN,United States of America,USA
9382,2004,Azerbaijan,AZE,United Kingdom of Great Britain and Northern Ireland,GBR
9345,2004,Syrian Arab Rep.,SYR,France,FRA
9259,2004,Algeria,DZA,France,FRA
9601,2004,Thailand,THA,Germany,DEU
11205,2004,Tunisia,TUN,United States of America,USA
8901,2004,Nicaragua,NIC,Canada,CAN
9183,2004,Afghanistan,AFG,Ethiopia,ETH
9849,2004,Slovakia,SVK,Ireland,IRL
11181,2004,Russian Federation,RUS,United States of America,USA
11197,2004,Sweden,SWE,United States of America,USA
10689,2004,Morocco,MAR,Spain,ESP
8636,2004,Rwanda,RWA,Belgium,BEL
8963,2004,Cote d'Ivoire,CIV,China,CHN
8470,2004,Pakistan,PAK,Australia,AUS
9374,2004,Sierra Leone,SLE,Gambia,GMB
9124,2004,Dem. People's Rep. of Korea,PRK,Denmark,DNK
9305,2004,Iraq,IRQ,France,FRA
9908,2004,India,IND,Italy,ITA
9163,2004,Ethiopia,ETH,Djibouti,DJI
9308,2004,Kenya,KEN,France,FRA
9532,2004,Israel,ISR,Germany,DEU
13637,2005,Iraq,IRQ,Serbia and Kosovo: S/RES/1244 (1999),SRB
11575,2005,Israel,ISR,Belgium,BEL
12182,2005,Angola,AGO,Finland,FIN
12262,2005,China,CHN,France,FRA
11444,2005,Sierra Leone,SLE,Australia,AUS
11975,2005,Rwanda,RWA,Congo,COG
14135,2005,Chad,TCD,United States of America,USA
12636,2005,Serbia and Kosovo: S/RES/1244 (1999),SRB,Greece,GRC
13097,2005,Indonesia,IDN,Malaysia,MYS
12523,2005,Dem. People's Rep. of Korea,PRK,Germany,DEU
13569,2005,Russian Federation,RUS,Romania,ROU
13783,2005,Bosnia and Herzegovina,BIH,Sweden,SWE
13926,2005,Mauritania,MRT,Switzerland,CHE
13370,2005,Rwanda,RWA,Norway,NOR
13672,2005,Armenia,ARM,Spain,ESP
13536,2005,Belarus,BLR,Portugal,PRT
13375,2005,Viet Nam,VNM,Norway,NOR
12812,2005,Jamaica,JAM,Ireland,IRL
12495,2005,Finland,FIN,Germany,DEU
13703,2005,Sri Lanka,LKA,Spain,ESP
14010,2005,Iraq,IRQ,Tajikistan,TJK
11666,2005,Iraq,IRQ,Bolivia (Plurinational State of),BOL
13749,2005,Iraq,IRQ,Slovenia,SVN
13854,2005,Somalia,SOM,Sweden,SWE
11820,2005,Guyana,GUY,Canada,CAN
13811,2005,Cote d'Ivoire,CIV,Sweden,SWE
14190,2005,Lebanon,LBN,United States of America,USA
12782,2005,Belgium,BEL,Ireland,IRL
13521,2005,Rwanda,RWA,Poland,POL
12004,2005,Afghanistan,AFG,Cuba,CUB
11873,2005,Philippines,PHL,Canada,CAN
11716,2005,Russian Federation,RUS,Brazil,BRA
13205,2005,Gambia,GMB,Netherlands,NLD
12760,2005,Eritrea,ERI,India,IND
13405,2005,Czechia,CZE,New Zealand,NZL
11416,2005,Dem. People's Rep. of Korea,PRK,Australia,AUS
12736,2005,Angola,AGO,Cote d'Ivoire,CIV
12951,2005,China,CHN,Japan,JPN
12011,2005,Western Sahara,ESH,Cuba,CUB
11655,2005,Sudan,SDN,Burkina Faso,BFA
11407,2005,India,IND,Australia,AUS
11614,2005,Uzbekistan,UZB,Belgium,BEL
12836,2005,South Africa,ZAF,Ireland,IRL
14045,2005,Iraq,IRQ,Turkey,TUR
13198,2005,Czechia,CZE,Netherlands,NLD
14205,2005,Namibia,NAM,United States of America,USA
13641,2005,Burundi,BDI,Senegal,SEN
12068,2005,Syrian Arab Rep.,SYR,Czechia,CZE
13157,2005,Sudan,SDN,Malta,MLT
13391,2005,Zimbabwe,ZWE,Norway,NOR
11633,2005,Iraq,IRQ,Benin,BEN
14071,2005,Angola,AGO,Ukraine,UKR
13683,2005,Cuba,CUB,Spain,ESP
12307,2005,Rep. of Moldova,MDA,France,FRA
11870,2005,Panama,PAN,Canada,CAN
11505,2005,Nigeria,NGA,Austria,AUT
14069,2005,Sudan,SDN,Uganda,UGA
12302,2005,Lithuania,LTU,France,FRA
11670,2005,Burundi,BDI,Botswana,BWA
11578,2005,Kyrgyzstan,KGZ,Belgium,BEL
14080,2005,Ethiopia,ETH,Ukraine,UKR
14256,2005,Zimbabwe,ZWE,United States of America,USA
13203,2005,Ethiopia,ETH,Netherlands,NLD
13593,2005,Kyrgyzstan,KGZ,South Africa,ZAF
11645,2005,Burundi,BDI,Burkina Faso,BFA
11814,2005,Ghana,GHA,Canada,CAN
13794,2005,Costa Rica,CRI,Sweden,SWE
11554,2005,Dem. Rep. of the Congo,COD,Belgium,BEL
12242,2005,Stateless,XXA,Finland,FIN
11889,2005,Sudan,SDN,Canada,CAN
12679,2005,Angola,AGO,Hungary,HUN
11642,2005,Myanmar,MMR,Bangladesh,BGD
13077,2005,El Salvador,SLV,Mexico,MEX
12635,2005,Rwanda,RWA,Greece,GRC
13519,2005,Romania,ROU,Poland,POL
11365,2005,Viet Nam,VNM,Argentina,ARG
12357,2005,Cote d'Ivoire,CIV,Gambia,GMB
12612,2005,Bangladesh,BGD,Greece,GRC
11658,2005,Azerbaijan,AZE,Belarus,BLR
11881,2005,Saudi Arabia,SAU,Canada,CAN
13970,2005,Eritrea,ERI,Syrian Arab Rep.,SYR
11668,2005,Russian Federation,RUS,Bolivia (Plurinational State of),BOL
14076,2005,Bosnia and Herzegovina,BIH,Ukraine,UKR
11479,2005,Congo,COG,Austria,AUT
12359,2005,Senegal,SEN,Gambia,GMB
17278,2006,Jamaica,JAM,United States of America,USA
16623,2006,Angola,AGO,Portugal,PRT
17222,2006,Bolivia (Plurinational State of),BOL,United States of America,USA
17341,2006,Slovenia,SVN,United States of America,USA
17095,2006,Sudan,SDN,Thailand,THA
15936,2006,Sudan,SDN,Israel,ISR
14412,2006,Palestinian,PSE,Australia,AUS
17260,2006,Guinea-Bissau,GNB,United States of America,USA
16610,2006,Sierra Leone,SLE,Poland,POL
16253,2006,Bhutan,BTN,Nepal,NPL
15904,2006,Serbia and Kosovo: S/RES/1244 (1999),SRB,Ireland,IRL
17178,2006,Lebanon,LBN,Ukraine,UKR
15604,2006,Pakistan,PAK,Germany,DEU
16799,2006,Pakistan,PAK,Spain,ESP
15408,2006,Bosnia and Herzegovina,BIH,United Kingdom of Great Britain and Northern Ireland,GBR
16223,2006,Afghanistan,AFG,Malta,MLT
15457,2006,Nigeria,NGA,United Kingdom of Great Britain and Northern Ireland,GBR
15700,2006,Rwanda,RWA,Greece,GRC
14874,2006,Mali,MLI,Canada,CAN
17138,2006,Uzbekistan,UZB,Turkey,TUR
15200,2006,Djibouti,DJI,Ethiopia,ETH
16414,2006,Cambodia,KHM,Norway,NOR
14658,2006,Myanmar,MMR,Bangladesh,BGD
14948,2006,Togo,TGO,Central African Rep.,CAF
16924,2006,Morocco,MAR,Sweden,SWE
15279,2006,Azerbaijan,AZE,France,FRA
14411,2006,France,FRA,Australia,AUS
16284,2006,Dem. Rep. of the Congo,COD,Netherlands,NLD
16085,2006,Syrian Arab Rep.,SYR,Lebanon,LBN
15971,2006,Iraq,IRQ,Italy,ITA
16320,2006,Lebanon,LBN,Netherlands,NLD
16960,2006,Venezuela (Bolivarian Republic of),VEN,Sweden,SWE
14372,2006,Peru,PER,Argentina,ARG
16087,2006,Turkey,TUR,Lebanon,LBN
14632,2006,United Rep. of Tanzania,TZA,Belgium,BEL
16971,2006,Burundi,BDI,Switzerland,CHE
16505,2006,Kyrgyzstan,KGZ,New Zealand,NZL
16120,2006,Egypt,EGY,Rep. of Moldova,MDA
16556,2006,Russian Federation,RUS,Paraguay,PRY
16629,2006,Guinea-Bissau,GNB,Portugal,PRT
15073,2006,Bulgaria,BGR,Czechia,CZE
15168,2006,Turkey,TUR,Denmark,DNK
16825,2006,Cuba,CUB,Slovakia,SVK
14577,2006,Dem. Rep. of the Congo,COD,Belgium,BEL
15567,2006,Kyrgyzstan,KGZ,Germany,DEU
14629,2006,Viet Nam,VNM,Belgium,BEL
14817,2006,Djibouti,DJI,Canada,CAN
16152,2006,Nepal,NPL,Mexico,MEX
14831,2006,Georgia,GEO,Canada,CAN
16587,2006,China,CHN,Poland,POL
16259,2006,Somalia,SOM,Nepal,NPL
14751,2006,Bosnia and Herzegovina,BIH,Bulgaria,BGR
15823,2006,Dem. Rep. of the Congo,COD,India,IND
16239,2006,Serbia and Kosovo: S/RES/1244 (1999),SRB,Malta,MLT
14440,2006,Malaysia,MYS,Australia,AUS
16297,2006,Germany,DEU,Netherlands,NLD
15363,2006,Slovakia,SVK,France,FRA
15324,2006,Iraq,IRQ,France,FRA
16258,2006,Pakistan,PAK,Nepal,NPL
15308,2006,Gabon,GAB,France,FRA
16950,2006,Thailand,THA,Sweden,SWE
15828,2006,Myanmar,MMR,India,IND
15913,2006,Togo,TGO,Ireland,IRL
15632,2006,United Rep. of Tanzania,TZA,Germany,DEU
16630,2006,Guinea,GIN,Portugal,PRT
14701,2006,Armenia,ARM,Brazil,BRA
17086,2006,Lao People's Dem. Rep.,LAO,Thailand,THA
14900,2006,Saudi Arabia,SAU,Canada,CAN
16879,2006,Colombia,COL,Sweden,SWE
15442,2006,Libya,LBY,United Kingdom of Great Britain and Northern Ireland,GBR
14379,2006,Ukraine,UKR,Argentina,ARG
15547,2006,Guatemala,GTM,Germany,DEU
17018,2006,Rep. of Moldova,MDA,Switzerland,CHE
15446,2006,Mauritania,MRT,United Kingdom of Great Britain and Northern Ireland,GBR
14974,2006,Iran (Islamic Rep. of),IRN,Chile,CHL
16774,2006,Eritrea,ERI,Spain,ESP
14316,2006,Somalia,SOM,Angola,AGO
15946,2006,Bangladesh,BGD,Italy,ITA
15455,2006,Myanmar,MMR,United Kingdom of Great Britain and Northern Ireland,GBR
17111,2006,Cote d'Ivoire,CIV,Togo,TGO
15875,2006,Jamaica,JAM,Ireland,IRL
15986,2006,Peru,PER,Italy,ITA
14651,2006,Ethiopia,ETH,Benin,BEN
16224,2006,Algeria,DZA,Malta,MLT
14841,2006,Honduras,HND,Canada,CAN
20531,2007,Pakistan,PAK,United States of America,USA
17872,2007,Albania,ALB,Bulgaria,BGR
20207,2007,Ghana,GHA,Switzerland,CHE
19831,2007,Guinea-Bissau,GNB,Portugal,PRT
17673,2007,Dem. Rep. of the Congo,COD,Burundi,BDI
20049,2007,Georgia,GEO,Slovenia,SVN
18100,2007,Ecuador,ECU,Chile,CHL
20327,2007,Haiti,HTI,Trinidad and Tobago,TTO
20005,2007,Morocco,MAR,Spain,ESP
19768,2007,Iran (Islamic Rep. of),IRN,Peru,PER
20148,2007,Rwanda,RWA,Sweden,SWE
18783,2007,Qatar,QAT,Germany,DEU
17696,2007,Congo,COG,Belgium,BEL
18346,2007,El Salvador,SLV,Ecuador,ECU
17822,2007,Afghanistan,AFG,Brazil,BRA
17562,2007,Peru,PER,Australia,AUS
20242,2007,Portugal,PRT,Switzerland,CHE
20320,2007,Cote d'Ivoire,CIV,Togo,TGO
18384,2007,Congo,COG,Finland,FIN
18655,2007,Zambia,ZMB,United Kingdom of Great Britain and Northern Ireland,GBR
17734,2007,Rep. of Moldova,MDA,Belgium,BEL
19399,2007,Sudan,SDN,Malaysia,MYS
18634,2007,Russian Federation,RUS,United Kingdom of Great Britain and Northern Ireland,GBR
19174,2007,Tunisia,TUN,Italy,ITA
18349,2007,Viet Nam,VNM,Ecuador,ECU
18683,2007,Bolivia (Plurinational State of),BOL,Germany,DEU
17719,2007,Israel,ISR,Belgium,BEL
19198,2007,Pakistan,PAK,Japan,JPN
18894,2007,Congo,COG,"China, Hong Kong SAR",HKG
18462,2007,Colombia,COL,France,FRA
17951,2007,Fiji,FJI,Canada,CAN
18210,2007,Russian Federation,RUS,Cyprus,CYP
20577,2007,Stateless,XXA,United States of America,USA
17662,2007,Uzbekistan,UZB,Austria,AUT
20433,2007,Bahamas,BHS,United States of America,USA
19596,2007,Guinea-Bissau,GNB,Nigeria,NGA
18936,2007,Sri Lanka,LKA,Hungary,HUN
18288,2007,Jordan,JOR,Denmark,DNK
19904,2007,China,CHN,Russian Federation,RUS
19120,2007,Cambodia,KHM,Italy,ITA
18701,2007,Cabo Verde,CPV,Germany,DEU
18668,2007,Argentina,ARG,Germany,DEU
17933,2007,Chile,CHL,Canada,CAN
18938,2007,Rep. of Moldova,MDA,Hungary,HUN
17896,2007,Syrian Arab Rep.,SYR,Bulgaria,BGR
19979,2007,Dem. Rep. of the Congo,COD,Spain,ESP
18626,2007,Nepal,NPL,United Kingdom of Great Britain and Northern Ireland,GBR
18885,2007,Congo,COG,Guinea,GIN
17923,2007,Belarus,BLR,Canada,CAN
17895,2007,Sudan,SDN,Bulgaria,BGR
19953,2007,Equatorial Guinea,GNQ,Sierra Leone,SLE
18144,2007,Cuba,CUB,Colombia,COL
17803,2007,Chile,CHL,Bolivia (Plurinational State of),BOL
18071,2007,Congo,COG,Central African Rep.,CAF
20451,2007,Dem. Rep. of the Congo,COD,United States of America,USA
18446,2007,Bhutan,BTN,France,FRA
19397,2007,Russian Federation,RUS,Malaysia,MYS
20126,2007,Lebanon,LBN,Sweden,SWE
20566,2007,Tunisia,TUN,United States of America,USA
19183,2007,Iraq,IRQ,Jordan,JOR
19931,2007,Tunisia,TUN,Saudi Arabia,SAU
18997,2007,Iraq,IRQ,Indonesia,IDN
19939,2007,Chad,TCD,Senegal,SEN
18343,2007,Pakistan,PAK,Ecuador,ECU
19605,2007,Togo,TGO,Nigeria,NGA
18921,2007,Dem. Rep. of the Congo,COD,Hungary,HUN
20393,2007,Sri Lanka,LKA,Ukraine,UKR
19359,2007,Romania,ROU,Mexico,MEX
20589,2007,Poland,POL,Venezuela (Bolivarian Republic of),VEN
19786,2007,Azerbaijan,AZE,Poland,POL
20229,2007,Rep. of Moldova,MDA,Switzerland,CHE
19375,2007,Sierra Leone,SLE,Mali,MLI
18551,2007,Somalia,SOM,Gabon,GAB
20429,2007,Burundi,BDI,United States of America,USA
19038,2007,India,IND,Ireland,IRL
18912,2007,Armenia,ARM,Hungary,HUN
19314,2007,Liberia,LBR,Mauritania,MRT
18310,2007,Viet Nam,VNM,Denmark,DNK
19753,2007,Peru,PER,Panama,PAN
18836,2007,Senegal,SEN,Guinea-Bissau,GNB
18270,2007,Bosnia and Herzegovina,BIH,Denmark,DNK
20128,2007,Lithuania,LTU,Sweden,SWE
20169,2007,Venezuela (Bolivarian Republic of),VEN,Sweden,SWE
18036,2007,Spain,ESP,Canada,CAN
20029,2007,Eritrea,ERI,Sudan,SDN
20904,2008,Dem. Rep. of the Congo,COD,Burundi,BDI
22480,2008,Iran (Islamic Rep. of),IRN,Rep. of Korea,KOR
23862,2008,Turkey,TUR,United States of America,USA
23297,2008,Somalia,SOM,Spain,ESP
22077,2008,Burundi,BDI,Guinea-Bissau,GNB
21494,2008,Ukraine,UKR,Czechia,CZE
21542,2008,Sierra Leone,SLE,Denmark,DNK
22513,2008,Egypt,EGY,Lebanon,LBN
21773,2008,Tunisia,TUN,France,FRA
20636,2008,Eritrea,ERI,Angola,AGO
23561,2008,Palestinian,PSE,Syrian Arab Rep.,SYR
23666,2008,Ethiopia,ETH,Uganda,UGA
22946,2008,China,CHN,New Zealand,NZL
20866,2008,Mongolia,MNG,Austria,AUT
21291,2008,Uruguay,URY,Canada,CAN
23490,2008,Georgia,GEO,Switzerland,CHE
21215,2008,Kenya,KEN,Canada,CAN
20734,2008,Bulgaria,BGR,Australia,AUS
23849,2008,Suriname,SUR,United States of America,USA
21623,2008,Congo,COG,Finland,FIN
21419,2008,El Salvador,SLV,Costa Rica,CRI
20969,2008,Niger,NER,Belgium,BEL
23916,2008,Burundi,BDI,Zimbabwe,ZWE
23900,2008,Stateless,XXA,Yemen,YEM
21797,2008,Sudan,SDN,Gabon,GAB
22473,2008,Algeria,DZA,Rep. of Korea,KOR
23545,2008,Tunisia,TUN,Switzerland,CHE
23736,2008,Bosnia and Herzegovina,BIH,United States of America,USA
21792,2008,Rwanda,RWA,Gabon,GAB
23409,2008,Libya,LBY,Sweden,SWE
22128,2008,Burundi,BDI,Guinea,GIN
22548,2008,Somalia,SOM,Lithuania,LTU
21622,2008,Cameroon,CMR,Finland,FIN
21950,2008,Dominica,DMA,Germany,DEU
22195,2008,Togo,TGO,Hungary,HUN
21357,2008,Nigeria,NGA,Cameroon,CMR
23455,2008,Stateless,XXA,Sweden,SWE
23153,2008,Kenya,KEN,South Africa,ZAF
20816,2008,Zimbabwe,ZWE,Australia,AUS
21200,2008,Honduras,HND,Canada,CAN
23496,2008,Cote d'Ivoire,CIV,Switzerland,CHE
22226,2008,Eritrea,ERI,India,IND
22404,2008,Morocco,MAR,Italy,ITA
23086,2008,Algeria,DZA,Portugal,PRT
22295,2008,Lithuania,LTU,Ireland,IRL
21252,2008,Peru,PER,Canada,CAN
22350,2008,Afghanistan,AFG,Italy,ITA
23568,2008,Russian Federation,RUS,Syrian Arab Rep.,SYR
21257,2008,Romania,ROU,Canada,CAN
22821,2008,Stateless,XXA,Netherlands,NLD
21706,2008,Djibouti,DJI,France,FRA
20868,2008,Montenegro,MNE,Austria,AUT
23027,2008,Haiti,HTI,Peru,PER
22067,2008,Zimbabwe,ZWE,Germany,DEU
22098,2008,Eritrea,ERI,Greece,GRC
22464,2008,Rwanda,RWA,Kenya,KEN
20951,2008,Kenya,KEN,Belgium,BEL
22949,2008,Congo,COG,New Zealand,NZL
22981,2008,Somalia,SOM,New Zealand,NZL
23121,2008,Ethiopia,ETH,Romania,ROU
22839,2008,Chad,TCD,Nigeria,NGA
21224,2008,Lebanon,LBN,Canada,CAN
20898,2008,Iran (Islamic Rep. of),IRN,Azerbaijan,AZE
22533,2008,Palestinian,PSE,Sri Lanka,LKA
23893,2008,Palestinian,PSE,Yemen,YEM
23608,2008,Cameroon,CMR,Togo,TGO
23764,2008,Gabon,GAB,United States of America,USA
23741,2008,Central African Rep.,CAF,United States of America,USA
23766,2008,Palestinian,PSE,United States of America,USA
20880,2008,Somalia,SOM,Austria,AUT
21014,2008,Iraq,IRQ,Bangladesh,BGD
21636,2008,India,IND,Finland,FIN
22748,2008,Colombia,COL,Netherlands,NLD
22865,2008,Azerbaijan,AZE,Norway,NOR
21648,2008,Mauritania,MRT,Finland,FIN
23384,2008,Georgia,GEO,Sweden,SWE
21653,2008,Myanmar,MMR,Finland,FIN
20899,2008,Iraq,IRQ,Azerbaijan,AZE
21306,2008,Dem. Rep. of the Congo,COD,Central African Rep.,CAF
22029,2008,Romania,ROU,Germany,DEU
20739,2008,Cameroon,CMR,Australia,AUS
22338,2008,Palestinian,PSE,Iraq,IRQ
23457,2008,Albania,ALB,Switzerland,CHE
23395,2008,Indonesia,IDN,Sweden,SWE
20742,2008,Colombia,COL,Australia,AUS
26138,2009,Togo,TGO,Netherlands,NLD
27076,2009,Bolivia (Plurinational State of),BOL,United States of America,USA
26117,2009,Niger,NER,Netherlands,NLD
25398,2009,Central African Rep.,CAF,Greece,GRC
26763,2009,Rep. of Moldova,MDA,Sweden,SWE
26413,2009,Sierra Leone,SLE,Poland,POL
25559,2009,Angola,AGO,Ireland,IRL
26499,2009,Kenya,KEN,South Africa,ZAF
27007,2009,Ethiopia,ETH,Uganda,UGA
25248,2009,Bosnia and Herzegovina,BIH,Germany,DEU
24740,2009,Armenia,ARM,Cyprus,CYP
26019,2009,Cote d'Ivoire,CIV,Malta,MLT
25764,2009,Ethiopia,ETH,Japan,JPN
24483,2009,Belarus,BLR,Canada,CAN
24691,2009,Cuba,CUB,Colombia,COL
25773,2009,Stateless,XXA,Japan,JPN
24343,2009,Togo,TGO,Burkina Faso,BFA
26470,2009,Jordan,JOR,Romania,ROU
26719,2009,Chile,CHL,Sweden,SWE
26285,2009,Ethiopia,ETH,New Zealand,NZL
24225,2009,Algeria,DZA,Belgium,BEL
26104,2009,Liberia,LBR,Netherlands,NLD
25816,2009,Sudan,SDN,Liberia,LBR
25496,2009,Viet Nam,VNM,Hungary,HUN
24348,2009,Palestinian,PSE,Belarus,BLR
24771,2009,Armenia,ARM,Czechia,CZE
26252,2009,Sudan,SDN,Norway,NOR
24459,2009,Stateless,XXA,Bulgaria,BGR
24924,2009,Afghanistan,AFG,Finland,FIN
26407,2009,Nigeria,NGA,Poland,POL
25261,2009,Costa Rica,CRI,Germany,DEU
26522,2009,Cuba,CUB,Russian Federation,RUS
26043,2009,Zimbabwe,ZWE,Namibia,NAM
24753,2009,Sri Lanka,LKA,Cyprus,CYP
25898,2009,Georgia,GEO,Rep. of Moldova,MDA
25187,2009,Nepal,NPL,United Kingdom of Great Britain and Northern Ireland,GBR
26129,2009,Somalia,SOM,Netherlands,NLD
27238,2009,Palestinian,PSE,Yemen,YEM
24409,2009,South Africa,ZAF,Brazil,BRA
26837,2009,Ethiopia,ETH,Switzerland,CHE
25754,2009,Somalia,SOM,Jordan,JOR
26918,2009,Somalia,SOM,Syrian Arab Rep.,SYR
27256,2009,Somalia,SOM,Zambia,ZMB
25450,2009,Iran (Islamic Rep. of),IRN,Honduras,HND
27019,2009,Bangladesh,BGD,Ukraine,UKR
25947,2009,Eritrea,ERI,Mali,MLI
26158,2009,Cuba,CUB,Nicaragua,NIC
26265,2009,Zimbabwe,ZWE,Norway,NOR
27029,2009,Kazakhstan,KAZ,Ukraine,UKR
25299,2009,Dem. People's Rep. of Korea,PRK,Germany,DEU
24756,2009,Pakistan,PAK,Cyprus,CYP
24860,2009,Turkey,TUR,Denmark,DNK
24900,2009,Viet Nam,VNM,Ecuador,ECU
26269,2009,Algeria,DZA,New Zealand,NZL
24918,2009,Kenya,KEN,Ethiopia,ETH
26870,2009,Morocco,MAR,Switzerland,CHE
27034,2009,Russian Federation,RUS,Ukraine,UKR
24856,2009,Viet Nam,VNM,Denmark,DNK
24931,2009,Belarus,BLR,Finland,FIN
26437,2009,Cote d'Ivoire,CIV,Portugal,PRT
25264,2009,Czechia,CZE,Germany,DEU
25779,2009,Burundi,BDI,Kenya,KEN
26631,2009,Morocco,MAR,Spain,ESP
26184,2009,Uganda,UGA,Nigeria,NGA
26365,2009,Haiti,HTI,Peru,PER
25198,2009,El Salvador,SLV,United Kingdom of Great Britain and Northern Ireland,GBR
25267,2009,Ecuador,ECU,Germany,DEU
26984,2009,Sri Lanka,LKA,Turkey,TUR
26849,2009,Iran (Islamic Rep. of),IRN,Switzerland,CHE
24950,2009,Hungary,HUN,Finland,FIN
24534,2009,Ireland,IRL,Canada,CAN
23943,2009,Burundi,BDI,Angola,AGO
24011,2009,Sri Lanka,LKA,Argentina,ARG
25857,2009,Cameroon,CMR,Lithuania,LTU
26501,2009,Liberia,LBR,South Africa,ZAF
23976,2009,Sudan,SDN,Egypt,EGY
25247,2009,Brazil,BRA,Germany,DEU
26025,2009,Mali,MLI,Malta,MLT
27028,2009,Iraq,IRQ,Ukraine,UKR
23990,2009,Chile,CHL,Argentina,ARG
26449,2009,Sierra Leone,SLE,Portugal,PRT
26181,2009,Somalia,SOM,Nigeria,NGA
25955,2009,Nigeria,NGA,Mali,MLI
26377,2009,Myanmar,MMR,Philippines,PHL
27245,2009,Stateless,XXA,Yemen,YEM
27859,2010,Dominican Rep.,DOM,Canada,CAN
30296,2010,Nigeria,NGA,Switzerland,CHE
30691,2010,Nigeria,NGA,Zambia,ZMB
28229,2010,Tunisia,TUN,Denmark,DNK
27977,2010,Saint Vincent and the Grenadines,VCT,Canada,CAN
29887,2010,Burundi,BDI,South Africa,ZAF
28874,2010,Afghanistan,AFG,Iceland,ISL
28015,2010,Palestinian,PSE,Chile,CHL
29713,2010,Slovakia,SVK,New Zealand,NZL
27791,2010,Eritrea,ERI,Bulgaria,BGR
30031,2010,Iran (Islamic Rep. of),IRN,Spain,ESP
27583,2010,Bosnia and Herzegovina,BIH,Belgium,BEL
28901,2010,Sierra Leone,SLE,Cote d'Ivoire,CIV
27661,2010,Chad,TCD,Benin,BEN
28023,2010,Dem. Rep. of the Congo,COD,Cameroon,CMR
28270,2010,Russian Federation,RUS,Ecuador,ECU
27920,2010,Morocco,MAR,Canada,CAN
29741,2010,Haiti,HTI,Panama,PAN
30667,2010,Peru,PER,Venezuela (Bolivarian Republic of),VEN
30550,2010,Guatemala,GTM,United States of America,USA
28689,2010,Oman,OMN,Germany,DEU
28570,2010,Turkmenistan,TKM,United Kingdom of Great Britain and Northern Ireland,GBR
28337,2010,Liberia,LBR,Finland,FIN
30391,2010,Central African Rep.,CAF,Tunisia,TUN
30438,2010,Pakistan,PAK,Uganda,UGA
28502,2010,Colombia,COL,United Kingdom of Great Britain and Northern Ireland,GBR
29751,2010,Colombia,COL,Paraguay,PRY
27492,2010,Belarus,BLR,Austria,AUT
27632,2010,Niger,NER,Belgium,BEL
29758,2010,Colombia,COL,Peru,PER
28961,2010,Croatia,HRV,Ireland,IRL
27910,2010,Latvia,LVA,Canada,CAN
28420,2010,Sri Lanka,LKA,France,FRA
27489,2010,Benin,BEN,Austria,AUT
29747,2010,Peru,PER,Panama,PAN
29035,2010,Egypt,EGY,Italy,ITA
29427,2010,Bosnia and Herzegovina,BIH,Montenegro,MNE
29774,2010,Iraq,IRQ,Philippines,PHL
29362,2010,Sierra Leone,SLE,Malaysia,MYS
29636,2010,Myanmar,MMR,Norway,NOR
28757,2010,Armenia,ARM,Greece,GRC
30428,2010,Syrian Arab Rep.,SYR,United Arab Emirates,ARE
29020,2010,Pakistan,PAK,Iran (Islamic Rep. of),IRN
29299,2010,Cuba,CUB,Mexico,MEX
28867,2010,Tunisia,TUN,Hungary,HUN
27438,2010,Mali,MLI,Australia,AUS
28642,2010,Guinea,GIN,Germany,DEU
27906,2010,Lebanon,LBN,Canada,CAN
29529,2010,Slovakia,SVK,Netherlands,NLD
28712,2010,Slovenia,SVN,Germany,DEU
29443,2010,Tibetan,TIB,Nepal,NPL
27678,2010,Sri Lanka,LKA,Bangladesh,BGD
29324,2010,Central African Rep.,CAF,Mali,MLI
28300,2010,Uganda,UGA,Ethiopia,ETH
27760,2010,Russian Federation,RUS,Brazil,BRA
27485,2010,Egypt,EGY,Austria,AUT
30151,2010,Ghana,GHA,Sweden,SWE
28965,2010,Iran (Islamic Rep. of),IRN,Ireland,IRL
28589,2010,Albania,ALB,Germany,DEU
30641,2010,Tunisia,TUN,United States of America,USA
29868,2010,Jordan,JOR,Romania,ROU
27573,2010,Algeria,DZA,Belgium,BEL
28456,2010,Central African Rep.,CAF,Gabon,GAB
29674,2010,Cameroon,CMR,New Zealand,NZL
27945,2010,Serbia and Kosovo: S/RES/1244 (1999),SRB,Canada,CAN
30219,2010,Uzbekistan,UZB,Sweden,SWE
28267,2010,Nigeria,NGA,Ecuador,ECU
29395,2010,Angola,AGO,Mozambique,MOZ
27843,2010,Cambodia,KHM,Canada,CAN
29341,2010,Togo,TGO,Mali,MLI
28083,2010,Georgia,GEO,Costa Rica,CRI
29056,2010,Ecuador,ECU,Italy,ITA
28751,2010,Nigeria,NGA,Guinea-Bissau,GNB
28529,2010,Kuwait,KWT,United Kingdom of Great Britain and Northern Ireland,GBR
29139,2010,Sri Lanka,LKA,Japan,JPN
27687,2010,Guinea,GIN,Burkina Faso,BFA
27320,2010,Serbia and Kosovo: S/RES/1244 (1999),SRB,Egypt,EGY
27350,2010,Guinea,GIN,Argentina,ARG
28608,2010,Bosnia and Herzegovina,BIH,Germany,DEU
29656,2010,Togo,TGO,Norway,NOR
28059,2010,Cuba,CUB,Colombia,COL
28801,2010,Uganda,UGA,Guinea,GIN
28256,2010,Ethiopia,ETH,Ecuador,ECU
27323,2010,Syrian Arab Rep.,SYR,Egypt,EGY
28528,2010,Dem. People's Rep. of Korea,PRK,United Kingdom of Great Britain and Northern Ireland,GBR
32274,2011,Syrian Arab Rep.,SYR,Greece,GRC
31176,2011,Bosnia and Herzegovina,BIH,Brazil,BRA
32449,2011,Ghana,GHA,Ireland,IRL
31151,2011,Cuba,CUB,Bolivia (Plurinational State of),BOL
30898,2011,Serbia and Kosovo: S/RES/1244 (1999),SRB,Australia,AUS
33463,2011,Ethiopia,ETH,Rwanda,RWA
30719,2011,Cameroon,CMR,Algeria,DZA
31165,2011,Uganda,UGA,Botswana,BWA
32136,2011,Indonesia,IDN,Germany,DEU
33632,2011,Egypt,EGY,Sweden,SWE
34142,2011,Senegal,SEN,United States of America,USA
33507,2011,Afghanistan,AFG,Spain,ESP
33573,2011,Cambodia,KHM,Viet Nam,VNM
31117,2011,Rwanda,RWA,Benin,BEN
31212,2011,Sierra Leone,SLE,Brazil,BRA
34215,2011,Angola,AGO,Zimbabwe,ZWE
31183,2011,Cuba,CUB,Brazil,BRA
31882,2011,Kyrgyzstan,KGZ,France,FRA
31260,2011,Stateless,XXA,Bulgaria,BGR
33949,2011,Somalia,SOM,United Arab Emirates,ARE
31373,2011,Mauritius,MUS,Canada,CAN
31623,2011,Sri Lanka,LKA,Czechia,CZE
32231,2011,Somalia,SOM,Ghana,GHA
34111,2011,Mali,MLI,United States of America,USA
32779,2011,Iraq,IRQ,Mauritania,MRT
31753,2011,Rwanda,RWA,Ethiopia,ETH
33460,2011,Burundi,BDI,Rwanda,RWA
31322,2011,Germany,DEU,Canada,CAN
30749,2011,China,CHN,Egypt,EGY
31303,2011,Costa Rica,CRI,Canada,CAN
31866,2011,Ghana,GHA,France,FRA
31474,2011,El Salvador,SLV,Chile,CHL
31906,2011,Pakistan,PAK,France,FRA
31514,2011,Sudan,SDN,Dem. Rep. of the Congo,COD
33929,2011,Jordan,JOR,Turkey,TUR
31207,2011,South Africa,ZAF,Brazil,BRA
32735,2011,Zimbabwe,ZWE,Lesotho,LSO
33765,2011,Ecuador,ECU,Switzerland,CHE
31665,2011,Iran (Islamic Rep. of),IRN,Denmark,DNK
33137,2011,Mongolia,MNG,Norway,NOR
32526,2011,Egypt,EGY,Italy,ITA
33229,2011,Myanmar,MMR,Pakistan,PAK
33201,2011,Madagascar,MDG,New Zealand,NZL
31555,2011,Peru,PER,Costa Rica,CRI
30901,2011,Solomon Islands,SLB,Australia,AUS
32047,2011,Somalia,SOM,United Kingdom of Great Britain and Northern Ireland,GBR
32198,2011,Suriname,SUR,Germany,DEU
31953,2011,Liberia,LBR,Gambia,GMB
30824,2011,Iran (Islamic Rep. of),IRN,Armenia,ARM
31437,2011,Chad,TCD,Central African Rep.,CAF
31553,2011,Nigeria,NGA,Costa Rica,CRI
32310,2011,Afghanistan,AFG,Croatia,HRV
31659,2011,Ethiopia,ETH,Denmark,DNK
32203,2011,Syrian Arab Rep.,SYR,Germany,DEU
33088,2011,Albania,ALB,Norway,NOR
32613,2011,Egypt,EGY,Jordan,JOR
33799,2011,Morocco,MAR,Switzerland,CHE
33556,2011,Romania,ROU,Spain,ESP
31622,2011,Liberia,LBR,Czechia,CZE
32441,2011,Czechia,CZE,Ireland,IRL
33676,2011,Italy,ITA,Sweden,SWE
31721,2011,Morocco,MAR,Ecuador,ECU
31496,2011,Central African Rep.,CAF,Congo,COG
32050,2011,Eswatini,SWZ,United Kingdom of Great Britain and Northern Ireland,GBR
31862,2011,Gambia,GMB,France,FRA
33561,2011,Somalia,SOM,Spain,ESP
30891,2011,Papua New Guinea,PNG,Australia,AUS
31278,2011,Barbados,BRB,Canada,CAN
32106,2011,Dem. Rep. of the Congo,COD,Germany,DEU
31049,2011,Ghana,GHA,Belgium,BEL
32054,2011,Tajikistan,TJK,United Kingdom of Great Britain and Northern Ireland,GBR
32708,2011,Iraq,IRQ,Libya,LBY
31932,2011,Yemen,YEM,France,FRA
31726,2011,Russian Federation,RUS,Ecuador,ECU
30734,2011,Eritrea,ERI,Angola,AGO
33266,2011,Gambia,GMB,Peru,PER
32005,2011,Israel,ISR,United Kingdom of Great Britain and Northern Ireland,GBR
32652,2011,Sri Lanka,LKA,Kenya,KEN
32803,2011,Cameroon,CMR,Mexico,MEX
32076,2011,Albania,ALB,Germany,DEU
31501,2011,Nigeria,NGA,Congo,COG
33344,2011,Guinea-Bissau,GNB,Portugal,PRT
32337,2011,Kenya,KEN,Hungary,HUN
33299,2011,Eritrea,ERI,Poland,POL
33602,2011,Syrian Arab Rep.,SYR,Slovakia,SVK
35386,2012,Croatia,HRV,France,FRA
35515,2012,Guinea-Bissau,GNB,United Kingdom of Great Britain and Northern Ireland,GBR
37366,2012,Togo,TGO,Switzerland,CHE
37207,2012,Guinea,GIN,Sweden,SWE
37174,2012,Azerbaijan,AZE,Sweden,SWE
34488,2012,Madagascar,MDG,Austria,AUT
34417,2012,Rwanda,RWA,Australia,AUS
36384,2012,Dem. Rep. of the Congo,COD,Mali,MLI
34265,2012,Chad,TCD,Egypt,EGY
35917,2012,Burkina Faso,BFA,Cote d'Ivoire,CIV
34378,2012,Georgia,GEO,Australia,AUS
37164,2012,Rwanda,RWA,Eswatini,SWZ
36717,2012,Bangladesh,BGD,New Zealand,NZL
34991,2012,Equatorial Guinea,GNQ,Cameroon,CMR
36442,2012,Angola,AGO,Mozambique,MOZ
35432,2012,Senegal,SEN,France,FRA
36851,2012,Kazakhstan,KAZ,Poland,POL
37054,2012,Burundi,BDI,Spain,ESP
37135,2012,Palestinian,PSE,Slovakia,SVK
36797,2012,Iraq,IRQ,Paraguay,PRY
36356,2012,Bangladesh,BGD,Mexico,MEX
34984,2012,Angola,AGO,Cameroon,CMR
34586,2012,Dem. People's Rep. of Korea,PRK,Belgium,BEL
36025,2012,Romania,ROU,Ireland,IRL
37576,2012,Azerbaijan,AZE,United States of America,USA
35050,2012,Georgia,GEO,Costa Rica,CRI
37031,2012,Dem. Rep. of the Congo,COD,Senegal,SEN
35510,2012,Gambia,GMB,United Kingdom of Great Britain and Northern Ireland,GBR
35034,2012,Russian Federation,RUS,Colombia,COL
36448,2012,Sudan,SDN,Mozambique,MOZ
35704,2012,Nigeria,NGA,Germany,DEU
36567,2012,Romania,ROU,Netherlands,NLD
35750,2012,Venezuela (Bolivarian Republic of),VEN,Germany,DEU
34881,2012,Namibia,NAM,Canada,CAN
35633,2012,Cameroon,CMR,Germany,DEU
36255,2012,Ethiopia,ETH,Libya,LBY
35069,2012,Uzbekistan,UZB,Costa Rica,CRI
36215,2012,Cameroon,CMR,Rep. of Korea,KOR
37006,2012,Ethiopia,ETH,Rwanda,RWA
34337,2012,Syrian Arab Rep.,SYR,Argentina,ARG
36920,2012,Ethiopia,ETH,Romania,ROU
36048,2012,Uzbekistan,UZB,Iran (Islamic Rep. of),IRN
34907,2012,Solomon Islands,SLB,Canada,CAN
37342,2012,Morocco,MAR,Switzerland,CHE
34468,2012,Ethiopia,ETH,Austria,AUT
36390,2012,Togo,TGO,Mali,MLI
36407,2012,Myanmar,MMR,Malaysia,MYS
37670,2012,Morocco,MAR,United States of America,USA
35559,2012,Oman,OMN,United Kingdom of Great Britain and Northern Ireland,GBR
34762,2012,Syrian Arab Rep.,SYR,Bulgaria,BGR
37720,2012,Turkey,TUR,United States of America,USA
35640,2012,Cabo Verde,CPV,Germany,DEU
37059,2012,China,CHN,Spain,ESP
34242,2012,Iraq,IRQ,Algeria,DZA
37390,2012,Libya,LBY,Syrian Arab Rep.,SYR
34456,2012,Belarus,BLR,Austria,AUT
36374,2012,Nicaragua,NIC,Mexico,MEX
34357,2012,Australia,AUS,Australia,AUS
37213,2012,Iran (Islamic Rep. of),IRN,Sweden,SWE
36209,2012,Uzbekistan,UZB,Kyrgyzstan,KGZ
37228,2012,Lebanon,LBN,Sweden,SWE
35018,2012,Liberia,LBR,Dem. Rep. of the Congo,COD
37719,2012,Tunisia,TUN,United States of America,USA
37294,2012,Brazil,BRA,Switzerland,CHE
37279,2012,Stateless,XXA,Sweden,SWE
37481,2012,Mauritania,MRT,Turkey,TUR
37414,2012,Myanmar,MMR,Thailand,THA
36001,2012,Kenya,KEN,Ireland,IRL
37167,2012,Zimbabwe,ZWE,Eswatini,SWZ
37040,2012,Sudan,SDN,Sierra Leone,SLE
37616,2012,France,FRA,United States of America,USA
37498,2012,Sri Lanka,LKA,United Arab Emirates,ARE
37300,2012,China,CHN,Switzerland,CHE
36888,2012,Georgia,GEO,Portugal,PRT
37017,2012,Liberia,LBR,Saudi Arabia,SAU
34257,2012,Rwanda,RWA,Angola,AGO
34377,2012,Palestinian,PSE,Australia,AUS
37266,2012,Tajikistan,TJK,Sweden,SWE
35676,2012,Rep. of Korea,KOR,Germany,DEU
36132,2012,Russian Federation,RUS,Italy,ITA
37161,2012,Dem. Rep. of the Congo,COD,Eswatini,SWZ
37301,2012,Chile,CHL,Switzerland,CHE
36166,2012,Syrian Arab Rep.,SYR,Jordan,JOR
37718,2012,Trinidad and Tobago,TTO,United States of America,USA
35878,2012,Liberia,LBR,Hungary,HUN
40652,2013,Azerbaijan,AZE,Spain,ESP
41249,2013,Japan,JPN,United States of America,USA
38803,2013,Sri Lanka,LKA,Ecuador,ECU
38804,2013,Morocco,MAR,Ecuador,ECU
40466,2013,Togo,TGO,Poland,POL
38451,2013,Oman,OMN,Canada,CAN
38595,2013,Eritrea,ERI,Colombia,COL
39784,2013,Afghanistan,AFG,Rep. of Korea,KOR
39535,2013,Azerbaijan,AZE,Ireland,IRL
38179,2013,United Rep. of Tanzania,TZA,Belgium,BEL
39853,2013,Tunisia,TUN,Lebanon,LBN
38542,2013,Costa Rica,CRI,Chile,CHL
40289,2013,Serbia and Kosovo: S/RES/1244 (1999),SRB,Norway,NOR
40166,2013,Peru,PER,Netherlands,NLD
40922,2013,Guinea-Bissau,GNB,Switzerland,CHE
40274,2013,Sri Lanka,LKA,Norway,NOR
39380,2013,Uzbekistan,UZB,Greece,GRC
39756,2013,Stateless,XXA,Japan,JPN
40925,2013,Hungary,HUN,Switzerland,CHE
38136,2013,Hungary,HUN,Belgium,BEL
40750,2013,Stateless,XXA,Slovakia,SVK
40266,2013,Kazakhstan,KAZ,Norway,NOR
38584,2013,Congo,COG,Dem. Rep. of the Congo,COD
40605,2013,Colombia,COL,El Salvador,SLV
40420,2013,Pakistan,PAK,Philippines,PHL
40007,2013,Indonesia,IDN,Malaysia,MYS
40749,2013,Ukraine,UKR,Slovakia,SVK
39676,2013,Iran (Islamic Rep. of),IRN,Italy,ITA
38738,2013,Dem. Rep. of the Congo,COD,Denmark,DNK
39740,2013,Afghanistan,AFG,Japan,JPN
37796,2013,Angola,AGO,Algeria,DZA
41109,2013,Central African Rep.,CAF,Uganda,UGA
40644,2013,United Rep. of Tanzania,TZA,Somalia,SOM
39575,2013,North Macedonia,MKD,Ireland,IRL
39282,2013,Sierra Leone,SLE,Germany,DEU
40774,2013,Zimbabwe,ZWE,Eswatini,SWZ
40764,2013,Angola,AGO,Eswatini,SWZ
37983,2013,Senegal,SEN,Australia,AUS
39643,2013,Bangladesh,BGD,Italy,ITA
40111,2013,Cambodia,KHM,Netherlands,NLD
40293,2013,Sudan,SDN,Norway,NOR
40583,2013,Iraq,IRQ,Russian Federation,RUS
41080,2013,Kyrgyzstan,KGZ,Turkey,TUR
38245,2013,Argentina,ARG,Brazil,BRA
37928,2013,Congo,COG,Australia,AUS
39854,2013,Turkey,TUR,Lebanon,LBN
38011,2013,Angola,AGO,Austria,AUT
40757,2013,Kazakhstan,KAZ,Slovenia,SVN
39154,2013,Togo,TGO,United Kingdom of Great Britain and Northern Ireland,GBR
41119,2013,United Rep. of Tanzania,TZA,Uganda,UGA
38660,2013,Lebanon,LBN,Cyprus,CYP
39311,2013,Congo,COG,Ghana,GHA
38635,2013,Sierra Leone,SLE,Costa Rica,CRI
40157,2013,Malawi,MWI,Netherlands,NLD
38084,2013,Yemen,YEM,Austria,AUT
40952,2013,Peru,PER,Switzerland,CHE
41298,2013,South Africa,ZAF,United States of America,USA
38830,2013,Sri Lanka,LKA,Estonia,EST
37844,2013,Serbia and Kosovo: S/RES/1244 (1999),SRB,Egypt,EGY
40159,2013,Morocco,MAR,Netherlands,NLD
39657,2013,Cuba,CUB,Italy,ITA
38650,2013,Dem. Rep. of the Congo,COD,Cyprus,CYP
40295,2013,United Rep. of Tanzania,TZA,Norway,NOR
39027,2013,Central African Rep.,CAF,Gabon,GAB
40125,2013,Gambia,GMB,Netherlands,NLD
37830,2013,Djibouti,DJI,Egypt,EGY
38164,2013,Nigeria,NGA,Belgium,BEL
38681,2013,Azerbaijan,AZE,Czechia,CZE
38750,2013,Kenya,KEN,Denmark,DNK
38559,2013,Gabon,GAB,Cameroon,CMR
39414,2013,Georgia,GEO,Croatia,HRV
39994,2013,Cote d'Ivoire,CIV,Mali,MLI
39052,2013,Algeria,DZA,United Kingdom of Great Britain and Northern Ireland,GBR
40352,2013,Turkey,TUR,New Zealand,NZL
39979,2013,Sri Lanka,LKA,Mexico,MEX
38824,2013,Somalia,SOM,Eritrea,ERI
41364,2013,Viet Nam,VNM,Yemen,YEM
38320,2013,Jordan,JOR,Bulgaria,BGR
40206,2013,Sudan,SDN,Niger,NER
40807,2013,Estonia,EST,Sweden,SWE
39043,2013,Cote d'Ivoire,CIV,Gambia,GMB
38035,2013,Guinea-Bissau,GNB,Austria,AUT
39384,2013,El Salvador,SLV,Guatemala,GTM
41028,2013,Togo,TGO,Thailand,THA
39860,2013,China,CHN,Liechtenstein,LIE
41646,2014,Estonia,EST,Austria,AUT
43902,2014,Viet Nam,VNM,Netherlands,NLD
42920,2014,South Africa,ZAF,Germany,DEU
43936,2014,Honduras,HND,Nicaragua,NIC
44250,2014,Senegal,SEN,Portugal,PRT
41966,2014,Burundi,BDI,Canada,CAN
43839,2014,Chad,TCD,Netherlands,NLD
41770,2014,Sri Lanka,LKA,Belgium,BEL
42666,2014,Yemen,YEM,France,FRA
43935,2014,Guatemala,GTM,Nicaragua,NIC
41667,2014,Sri Lanka,LKA,Austria,AUT
44906,2014,Liberia,LBR,Uganda,UGA
44390,2014,Palestinian,PSE,Saudi Arabia,SAU
41868,2014,Armenia,ARM,Brazil,BRA
44150,2014,Venezuela (Bolivarian Republic of),VEN,Peru,PER
43640,2014,Congo,COG,Mauritania,MRT
44316,2014,Kenya,KEN,South Africa,ZAF
44065,2014,Israel,ISR,New Zealand,NZL
43613,2014,Peru,PER,Luxembourg,LUX
43404,2014,Turkey,TUR,Italy,ITA
43766,2014,Somalia,SOM,Mozambique,MOZ
44166,2014,Uganda,UGA,Philippines,PHL
42246,2014,Honduras,HND,Costa Rica,CRI
43776,2014,Eritrea,ERI,Malta,MLT
42852,2014,Cabo Verde,CPV,Germany,DEU
43510,2014,Lebanon,LBN,Kuwait,KWT
41804,2014,Ukraine,UKR,Belgium,BEL
42400,2014,Turkey,TUR,Denmark,DNK
44883,2014,Syrian Arab Rep.,SYR,Turkey,TUR
42620,2014,Madagascar,MDG,France,FRA
42213,2014,Liberia,LBR,Dem. Rep. of the Congo,COD
44602,2014,Croatia,HRV,Sweden,SWE
43789,2014,Pakistan,PAK,Malta,MLT
43818,2014,Myanmar,MMR,Nepal,NPL
43554,2014,Dem. Rep. of the Congo,COD,Lesotho,LSO
43906,2014,United Rep. of Tanzania,TZA,Netherlands,NLD
41707,2014,Iraq,IRQ,Azerbaijan,AZE
42423,2014,Eritrea,ERI,Ecuador,ECU
45133,2014,Stateless,XXA,United States of America,USA
43809,2014,Somalia,SOM,Namibia,NAM
44729,2014,Montenegro,MNE,Switzerland,CHE
43322,2014,Burundi,BDI,Italy,ITA
42794,2014,Syrian Arab Rep.,SYR,United Kingdom of Great Britain and Northern Ireland,GBR
44079,2014,El Salvador,SLV,New Zealand,NZL
43679,2014,Dem. Rep. of the Congo,COD,Mexico,MEX
41658,2014,Iraq,IRQ,Austria,AUT
44059,2014,Ethiopia,ETH,New Zealand,NZL
44220,2014,Belarus,BLR,Portugal,PRT
44705,2014,Guinea,GIN,Switzerland,CHE
43953,2014,Sudan,SDN,Nigeria,NGA
42676,2014,Rwanda,RWA,Gabon,GAB
45165,2014,Palestinian,PSE,Zambia,ZMB
42733,2014,Guatemala,GTM,United Kingdom of Great Britain and Northern Ireland,GBR
41650,2014,Ghana,GHA,Austria,AUT
43418,2014,Eritrea,ERI,Jordan,JOR
45168,2014,South Africa,ZAF,Zambia,ZMB
41943,2014,Pakistan,PAK,Bulgaria,BGR
43331,2014,Chad,TCD,Italy,ITA
42716,2014,Dem. Rep. of the Congo,COD,United Kingdom of Great Britain and Northern Ireland,GBR
43472,2014,Iran (Islamic Rep. of),IRN,Kyrgyzstan,KGZ
44706,2014,Croatia,HRV,Switzerland,CHE
44101,2014,Syrian Arab Rep.,SYR,Pakistan,PAK
42010,2014,Ghana,GHA,Canada,CAN
41941,2014,Lebanon,LBN,Bulgaria,BGR
43933,2014,Colombia,COL,Nicaragua,NIC
44721,2014,Sri Lanka,LKA,Switzerland,CHE
42190,2014,Sudan,SDN,Cameroon,CMR
43750,2014,Cameroon,CMR,Morocco,MAR
42811,2014,Yemen,YEM,United Kingdom of Great Britain and Northern Ireland,GBR
42781,2014,South Africa,ZAF,United Kingdom of Great Britain and Northern Ireland,GBR
43781,2014,Cote d'Ivoire,CIV,Malta,MLT
43385,2014,Philippines,PHL,Italy,ITA
44086,2014,Syrian Arab Rep.,SYR,New Zealand,NZL
44755,2014,Turkey,TUR,Switzerland,CHE
43996,2014,Kyrgyzstan,KGZ,Norway,NOR
44996,2014,China,CHN,United States of America,USA
42319,2014,Ethiopia,ETH,Czechia,CZE
41849,2014,Pakistan,PAK,Bolivia (Plurinational State of),BOL
42903,2014,Mongolia,MNG,Germany,DEU
42136,2014,Central African Rep.,CAF,Chad,TCD
44371,2014,Turkmenistan,TKM,Russian Federation,RUS
43717,2014,Cambodia,KHM,Malaysia,MYS
44009,2014,Nepal,NPL,Norway,NOR
41616,2014,United States of America,USA,Australia,AUS
42512,2014,Kazakhstan,KAZ,Finland,FIN
46958,2015,Serbia and Kosovo: S/RES/1244 (1999),SRB,Hungary,HUN
47893,2015,Tajikistan,TJK,Norway,NOR
48188,2015,Liberia,LBR,South Africa,ZAF
47546,2015,Cote d'Ivoire,CIV,Mexico,MEX
47742,2015,Libya,LBY,Netherlands,NLD
46011,2015,Cote d'Ivoire,CIV,Congo,COG
46877,2015,Congo,COG,Guinea,GIN
46262,2015,Sudan,SDN,Ecuador,ECU
45581,2015,Morocco,MAR,Belgium,BEL
45754,2015,Syrian Arab Rep.,SYR,Bulgaria,BGR
48934,2015,Italy,ITA,United States of America,USA
47585,2015,Indonesia,IDN,Malaysia,MYS
47510,2015,Serbia and Kosovo: S/RES/1244 (1999),SRB,North Macedonia,MKD
45256,2015,Uganda,UGA,Egypt,EGY
46365,2015,Ukraine,UKR,Finland,FIN
46464,2015,El Salvador,SLV,France,FRA
45557,2015,Croatia,HRV,Belgium,BEL
47682,2015,Uganda,UGA,Namibia,NAM
47053,2015,Azerbaijan,AZE,Ireland,IRL
46286,2015,Burundi,BDI,Ethiopia,ETH
45780,2015,Bahamas,BHS,Canada,CAN
46391,2015,Chad,TCD,France,FRA
46220,2015,Philippines,PHL,Djibouti,DJI
47158,2015,Algeria,DZA,Italy,ITA
47454,2015,Ethiopia,ETH,Luxembourg,LUX
47389,2015,Bahrain,BHR,Lebanon,LBN
45375,2015,North Macedonia,MKD,Australia,AUS
47111,2015,Rwanda,RWA,Ireland,IRL
46987,2015,Somalia,SOM,Iceland,ISL
46576,2015,Saint Lucia,LCA,United Kingdom of Great Britain and Northern Ireland,GBR
45751,2015,Pakistan,PAK,Bulgaria,BGR
47839,2015,Chad,TCD,Norway,NOR
45381,2015,Mozambique,MOZ,Australia,AUS
48600,2015,Lao People's Dem. Rep.,LAO,Switzerland,CHE
47750,2015,Mongolia,MNG,Netherlands,NLD
48403,2015,Pakistan,PAK,Slovakia,SVK
48402,2015,Mali,MLI,Slovakia,SVK
46401,2015,Djibouti,DJI,France,FRA
47414,2015,Syrian Arab Rep.,SYR,Liechtenstein,LIE
48799,2015,South Sudan,SSD,Uganda,UGA
47567,2015,Cote d'Ivoire,CIV,Mali,MLI
48379,2015,Syrian Arab Rep.,SYR,Sudan,SDN
45955,2015,Guinea,GIN,Chad,TCD
46092,2015,Rep. of Moldova,MDA,Cyprus,CYP
47886,2015,Somalia,SOM,Norway,NOR
47284,2015,China,CHN,Japan,JPN
47308,2015,Eritrea,ERI,Kenya,KEN
45949,2015,Central African Rep.,CAF,Chad,TCD
48875,2015,Bhutan,BTN,United States of America,USA
45947,2015,Cuba,CUB,Cayman Islands,CYM
47784,2015,Zambia,ZMB,Netherlands,NLD
46838,2015,Kenya,KEN,Greece,GRC
46164,2015,Egypt,EGY,Denmark,DNK
47935,2015,Kyrgyzstan,KGZ,New Zealand,NZL
46158,2015,Uzbekistan,UZB,Czechia,CZE
48859,2015,Afghanistan,AFG,United States of America,USA
45326,2015,Armenia,ARM,Australia,AUS
47556,2015,Russian Federation,RUS,Mexico,MEX
45943,2015,Rwanda,RWA,Central African Rep.,CAF
46996,2015,Chad,TCD,Cote d'Ivoire,CIV
45942,2015,Liberia,LBR,Central African Rep.,CAF
46858,2015,Sudan,SDN,Greece,GRC
48880,2015,Brazil,BRA,United States of America,USA
47578,2015,China,CHN,Malaysia,MYS
47142,2015,Jordan,JOR,Iraq,IRQ
45709,2015,Nepal,NPL,Brazil,BRA
45315,2015,Cote d'Ivoire,CIV,Armenia,ARM
47009,2015,Togo,TGO,Cote d'Ivoire,CIV
45893,2015,Saudi Arabia,SAU,Canada,CAN
49069,2015,Egypt,EGY,Zimbabwe,ZWE
48411,2015,Afghanistan,AFG,Slovenia,SVN
46022,2015,Congo,COG,Dem. Rep. of the Congo,COD
47191,2015,Georgia,GEO,Italy,ITA
45724,2015,Syrian Arab Rep.,SYR,Brazil,BRA
48144,2015,Iran (Islamic Rep. of),IRN,Romania,ROU
48146,2015,Jordan,JOR,Romania,ROU
47343,2015,Liberia,LBR,Rep. of Korea,KOR
48328,2015,Palestinian,PSE,Spain,ESP
46498,2015,Mauritania,MRT,Gabon,GAB
46181,2015,Guinea-Bissau,GNB,Denmark,DNK
49051,2015,Somalia,SOM,Yemen,YEM
48151,2015,Pakistan,PAK,Romania,ROU
46400,2015,Czechia,CZE,France,FRA
48884,2015,Cambodia,KHM,United States of America,USA
48173,2015,Cameroon,CMR,South Africa,ZAF
50779,2016,El Salvador,SLV,Honduras,HND
49321,2016,Stateless,XXA,Australia,AUS
51112,2016,Sudan,SDN,Italy,ITA
51436,2016,Iran (Islamic Rep. of),IRN,Mexico,MEX
52948,2016,Jordan,JOR,Yemen,YEM
52908,2016,Turkey,TUR,United States of America,USA
50725,2016,Mali,MLI,Greece,GRC
51595,2016,Bangladesh,BGD,Netherlands,NLD
51036,2016,Burkina Faso,BFA,Italy,ITA
49128,2016,Burundi,BDI,Egypt,EGY
49671,2016,Algeria,DZA,Canada,CAN
50104,2016,Ukraine,UKR,Denmark,DNK
52296,2016,Pakistan,PAK,Slovakia,SVK
50650,2016,Yemen,YEM,Germany,DEU
52805,2016,United Kingdom of Great Britain and Northern Ireland,GBR,United States of America,USA
52081,2016,Kenya,KEN,South Africa,ZAF
51947,2016,China,CHN,Poland,POL
50937,2016,Cameroon,CMR,Ireland,IRL
52352,2016,Chile,CHL,Sweden,SWE
51372,2016,Somalia,SOM,Latvia,LVA
52387,2016,Kyrgyzstan,KGZ,Sweden,SWE
52449,2016,Armenia,ARM,Switzerland,CHE
52753,2016,Afghanistan,AFG,United States of America,USA
50989,2016,United Rep. of Tanzania,TZA,Ireland,IRL
52422,2016,Sierra Leone,SLE,Sweden,SWE
51639,2016,Mongolia,MNG,Netherlands,NLD
49518,2016,Mali,MLI,Benin,BEN
49662,2016,Turkey,TUR,Bulgaria,BGR
52246,2016,Rwanda,RWA,Spain,ESP
52538,2016,Uzbekistan,UZB,Switzerland,CHE
49342,2016,Eritrea,ERI,Austria,AUT
49108,2016,Burundi,BDI,Angola,AGO
52701,2016,Azerbaijan,AZE,Ukraine,UKR
50584,2016,Lao People's Dem. Rep.,LAO,Germany,DEU
49257,2016,Italy,ITA,Australia,AUS
52830,2016,Kazakhstan,KAZ,United States of America,USA
49348,2016,Guinea-Bissau,GNB,Austria,AUT
51539,2016,Iran (Islamic Rep. of),IRN,Malta,MLT
51527,2016,Belarus,BLR,Malta,MLT
50814,2016,Eritrea,ERI,Hungary,HUN
50285,2016,Hungary,HUN,France,FRA
51716,2016,Armenia,ARM,Norway,NOR
51073,2016,Kazakhstan,KAZ,Italy,ITA
49873,2016,El Salvador,SLV,Chile,CHL
50090,2016,Nigeria,NGA,Denmark,DNK
51133,2016,Haiti,HTI,Jamaica,JAM
51349,2016,Rwanda,RWA,Luxembourg,LUX
51913,2016,Venezuela (Bolivarian Republic of),VEN,Peru,PER
52524,2016,Somalia,SOM,Switzerland,CHE
52769,2016,Burkina Faso,BFA,United States of America,USA
49660,2016,Syrian Arab Rep.,SYR,Bulgaria,BGR
50443,2016,Saint Lucia,LCA,United Kingdom of Great Britain and Northern Ireland,GBR
52856,2016,Mongolia,MNG,United States of America,USA
50983,2016,Sierra Leone,SLE,Ireland,IRL
52848,2016,Monaco,MCO,United States of America,USA
50528,2016,Bangladesh,BGD,Germany,DEU
49994,2016,Sudan,SDN,Cyprus,CYP
51738,2016,Guinea-Bissau,GNB,Norway,NOR
50809,2016,China,CHN,Hungary,HUN
50707,2016,Gambia,GMB,Greece,GRC
50811,2016,Congo,COG,Hungary,HUN
51299,2016,Afghanistan,AFG,Lithuania,LTU
51627,2016,Dem. People's Rep. of Korea,PRK,Netherlands,NLD
50857,2016,Iraq,IRQ,Iceland,ISL
52526,2016,Viet Nam,VNM,Switzerland,CHE
49607,2016,Lebanon,LBN,Brazil,BRA
51328,2016,Bosnia and Herzegovina,BIH,Luxembourg,LUX
50549,2016,Djibouti,DJI,Germany,DEU
50449,2016,Maldives,MDV,United Kingdom of Great Britain and Northern Ireland,GBR
50696,2016,Bangladesh,BGD,Greece,GRC
52101,2016,Syrian Arab Rep.,SYR,South Africa,ZAF
52428,2016,United Rep. of Tanzania,TZA,Sweden,SWE
50095,2016,Serbia and Kosovo: S/RES/1244 (1999),SRB,Denmark,DNK
51729,2016,Congo,COG,Norway,NOR
50403,2016,Cameroon,CMR,United Kingdom of Great Britain and Northern Ireland,GBR
49796,2016,Somalia,SOM,Canada,CAN
50972,2016,Montenegro,MNE,Ireland,IRL
50986,2016,Sudan,SDN,Ireland,IRL
49156,2016,Albania,ALB,Argentina,ARG
50928,2016,Burundi,BDI,Ireland,IRL
52510,2016,Pakistan,PAK,Switzerland,CHE
52936,2016,Syrian Arab Rep.,SYR,Venezuela (Bolivarian Republic of),VEN
49800,2016,Sudan,SDN,Canada,CAN
51923,2016,Iraq,IRQ,Philippines,PHL
51674,2016,Chad,TCD,Niger,NER
56654,2017,Kyrgyzstan,KGZ,Turkey,TUR
53445,2017,Iran (Islamic Rep. of),IRN,Belarus,BLR
55803,2017,Stateless,XXA,Nauru,NRU
54171,2017,Rwanda,RWA,Finland,FIN
54135,2017,Central African Rep.,CAF,Finland,FIN
56174,2017,Liberia,LBR,Senegal,SEN
55922,2017,China,CHN,Philippines,PHL
56499,2017,North Macedonia,MKD,Switzerland,CHE
55518,2017,Uganda,UGA,Mozambique,MOZ
53836,2017,South Sudan,SSD,Dem. Rep. of the Congo,COD
54424,2017,Qatar,QAT,United Kingdom of Great Britain and Northern Ireland,GBR
55063,2017,Lebanon,LBN,Italy,ITA
56616,2017,Jamaica,JAM,Trinidad and Tobago,TTO
53601,2017,Chad,TCD,Canada,CAN
56853,2017,Latvia,LVA,United States of America,USA
55515,2017,Rwanda,RWA,Mozambique,MOZ
54804,2017,Lebanon,LBN,Hungary,HUN
56186,2017,Sudan,SDN,Somalia,SOM
53332,2017,Bangladesh,BGD,Belgium,BEL
56851,2017,Sri Lanka,LKA,United States of America,USA
54783,2017,Angola,AGO,Hungary,HUN
55415,2017,Cuba,CUB,Mexico,MEX
53288,2017,Somalia,SOM,Austria,AUT
55482,2017,Zimbabwe,ZWE,Malaysia,MYS
53406,2017,Turkmenistan,TKM,Belgium,BEL
55298,2017,Russian Federation,RUS,Lithuania,LTU
56774,2017,Belgium,BEL,United States of America,USA
54438,2017,Sudan,SDN,United Kingdom of Great Britain and Northern Ireland,GBR
54989,2017,Palestinian,PSE,Iraq,IRQ
53940,2017,Georgia,GEO,Czechia,CZE
53561,2017,Mali,MLI,Bulgaria,BGR
53974,2017,Uzbekistan,UZB,Czechia,CZE
55201,2017,Liberia,LBR,Rep. of Korea,KOR
55121,2017,Egypt,EGY,Jordan,JOR
54345,2017,Benin,BEN,United Kingdom of Great Britain and Northern Ireland,GBR
53007,2017,Togo,TGO,Algeria,DZA
53650,2017,Rep. of Korea,KOR,Canada,CAN
56561,2017,Somalia,SOM,Syrian Arab Rep.,SYR
55700,2017,Guinea,GIN,Nigeria,NGA
56877,2017,Oman,OMN,United States of America,USA
53742,2017,Sudan,SDN,Central African Rep.,CAF
55545,2017,Serbia and Kosovo: S/RES/1244 (1999),SRB,Malta,MLT
54928,2017,Guinea,GIN,Ireland,IRL
53803,2017,Liberia,LBR,Cameroon,CMR
55965,2017,Eritrea,ERI,Poland,POL
56586,2017,Pakistan,PAK,Thailand,THA
53905,2017,Kyrgyzstan,KGZ,Cyprus,CYP
53595,2017,Brazil,BRA,Canada,CAN
56426,2017,United Rep. of Tanzania,TZA,Sweden,SWE
54693,2017,Rep. of Moldova,MDA,Greece,GRC
53985,2017,Bhutan,BTN,Denmark,DNK
55693,2017,Congo,COG,Nigeria,NGA
54770,2017,Nigeria,NGA,Croatia,HRV
56361,2017,France,FRA,Sweden,SWE
54671,2017,Dominican Rep.,DOM,Greece,GRC
53572,2017,Pakistan,PAK,Cambodia,KHM
53087,2017,Kazakhstan,KAZ,Argentina,ARG
56954,2017,Ethiopia,ETH,Yemen,YEM
56784,2017,Bulgaria,BGR,United States of America,USA
53706,2017,Suriname,SUR,Canada,CAN
56698,2017,Rwanda,RWA,Uganda,UGA
55856,2017,Myanmar,MMR,Pakistan,PAK
55791,2017,Indonesia,IDN,Nauru,NRU
55562,2017,Serbia and Kosovo: S/RES/1244 (1999),SRB,Montenegro,MNE
55293,2017,Iran (Islamic Rep. of),IRN,Lithuania,LTU
53198,2017,Singapore,SGP,Australia,AUS
53548,2017,Afghanistan,AFG,Bulgaria,BGR
54612,2017,Uzbekistan,UZB,Germany,DEU
54992,2017,Sudan,SDN,Iraq,IRQ
56897,2017,Somalia,SOM,United States of America,USA
56720,2017,Guinea,GIN,Ukraine,UKR
56679,2017,Stateless,XXA,Turkey,TUR
55222,2017,Somalia,SOM,Kuwait,KWT
53846,2017,Hungary,HUN,Colombia,COL
54958,2017,Pakistan,PAK,Ireland,IRL
55229,2017,Syrian Arab Rep.,SYR,Liberia,LBR
54318,2017,Dem. Rep. of the Congo,COD,Gabon,GAB
56539,2017,Western Sahara,ESH,Switzerland,CHE
55604,2017,Dem. Rep. of the Congo,COD,Netherlands,NLD
56420,2017,Somalia,SOM,Sweden,SWE
53829,2017,Congo,COG,Dem. Rep. of the Congo,COD
55990,2017,Turkmenistan,TKM,Poland,POL
54967,2017,Sudan,SDN,Ireland,IRL
53460,2017,Russian Federation,RUS,Bolivia (Plurinational State of),BOL
54900,2017,Yemen,YEM,Indonesia,IDN
60332,2018,Uganda,UGA,Spain,ESP
58513,2018,Armenia,ARM,Germany,DEU
59578,2018,Senegal,SEN,Morocco,MAR
61077,2018,Sierra Leone,SLE,Zambia,ZMB
57839,2018,Mauritania,MRT,Cameroon,CMR
57087,2018,Georgia,GEO,Argentina,ARG
59367,2018,Azerbaijan,AZE,Luxembourg,LUX
58326,2018,Slovakia,SVK,France,FRA
57625,2018,Central African Rep.,CAF,Canada,CAN
59777,2018,Cameroon,CMR,Nigeria,NGA
58243,2018,Comoros,COM,France,FRA
59096,2018,Gambia,GMB,Italy,ITA
58899,2018,Stateless,XXA,Iceland,ISL
59813,2018,Ethiopia,ETH,Norway,NOR
59475,2018,Eritrea,ERI,Mexico,MEX
58367,2018,Armenia,ARM,United Kingdom of Great Britain and Northern Ireland,GBR
60456,2018,Gambia,GMB,Sweden,SWE
58850,2018,Iraq,IRQ,Hungary,HUN
60793,2018,Chad,TCD,Uganda,UGA
60892,2018,Cambodia,KHM,United States of America,USA
57920,2018,Yemen,YEM,Cuba,CUB
57971,2018,Cuba,CUB,Czechia,CZE
57312,2018,Tunisia,TUN,Austria,AUT
58268,2018,Hungary,HUN,France,FRA
59873,2018,Sri Lanka,LKA,Nauru,NRU
58666,2018,Lebanon,LBN,Ghana,GHA
57263,2018,Ghana,GHA,Austria,AUT
59951,2018,Iran (Islamic Rep. of),IRN,Panama,PAN
58802,2018,Venezuela (Bolivarian Republic of),VEN,Honduras,HND
57986,2018,Myanmar,MMR,Czechia,CZE
58895,2018,Syrian Arab Rep.,SYR,Iceland,ISL
59453,2018,Iraq,IRQ,Rep. of Moldova,MDA
57256,2018,Dem. Rep. of the Congo,COD,Austria,AUT
58267,2018,Croatia,HRV,France,FRA
60770,2018,United Arab Emirates,ARE,Turkey,TUR
60903,2018,Colombia,COL,United States of America,USA
59513,2018,Rwanda,RWA,Mali,MLI
61093,2018,Colombia,COL,Curacao ,CUW
60499,2018,Peru,PER,Sweden,SWE
59434,2018,Nigeria,NGA,Mauritania,MRT
60323,2018,Serbia and Kosovo: S/RES/1244 (1999),SRB,Spain,ESP
60924,2018,Ghana,GHA,United States of America,USA
59023,2018,Togo,TGO,Ireland,IRL
57438,2018,Dem. Rep. of the Congo,COD,Benin,BEN
58301,2018,Myanmar,MMR,France,FRA
61091,2018,South Sudan,SSD,Zimbabwe,ZWE
59849,2018,Viet Nam,VNM,Norway,NOR
57449,2018,Colombia,COL,Bahamas,BHS
58641,2018,Turkey,TUR,Germany,DEU
60084,2018,Afghanistan,AFG,Portugal,PRT
58325,2018,South Sudan,SSD,France,FRA
58145,2018,Syrian Arab Rep.,SYR,Ethiopia,ETH
58844,2018,Georgia,GEO,Hungary,HUN
57566,2018,Palestinian,PSE,Bosnia and Herzegovina,BIH
59982,2018,Gambia,GMB,Peru,PER
58843,2018,Palestinian,PSE,Hungary,HUN
59464,2018,Angola,AGO,Mexico,MEX
60211,2018,United States of America,USA,Russian Federation,RUS
58290,2018,North Macedonia,MKD,France,FRA
58864,2018,Sudan,SDN,Hungary,HUN
60298,2018,Guatemala,GTM,Spain,ESP
58422,2018,Kenya,KEN,United Kingdom of Great Britain and Northern Ireland,GBR
59500,2018,Ukraine,UKR,Mexico,MEX
57862,2018,Burundi,BDI,Dem. Rep. of the Congo,COD
57847,2018,Angola,AGO,Congo,COG
59638,2018,Ghana,GHA,Montenegro,MNE
60496,2018,Nicaragua,NIC,Sweden,SWE
60985,2018,Pakistan,PAK,United States of America,USA
58479,2018,Tunisia,TUN,United Kingdom of Great Britain and Northern Ireland,GBR
58540,2018,Cuba,CUB,Germany,DEU
58052,2018,Turkey,TUR,Denmark,DNK
59569,2018,Guinea,GIN,Morocco,MAR
60025,2018,Turkey,TUR,Philippines,PHL
60345,2018,Cameroon,CMR,Sudan,SDN
58105,2018,Viet Nam,VNM,Ecuador,ECU
58744,2018,Sierra Leone,SLE,Greece,GRC
57899,2018,India,IND,Costa Rica,CRI
58234,2018,Bulgaria,BGR,France,FRA
59621,2018,Serbia and Kosovo: S/RES/1244 (1999),SRB,Malta,MLT
60073,2018,Viet Nam,VNM,Poland,POL
57892,2018,Dem. Rep. of the Congo,COD,Costa Rica,CRI
57992,2018,Sierra Leone,SLE,Czechia,CZE
59507,2018,Congo,COG,Mali,MLI
57524,2018,Ghana,GHA,Brazil,BRA
60566,2018,Gambia,GMB,Switzerland,CHE
64965,2019,Somalia,SOM,Uganda,UGA
62668,2019,Gabon,GAB,Germany,DEU
62981,2019,Sudan,SDN,Hungary,HUN
63350,2019,Afghanistan,AFG,Kazakhstan,KAZ
64584,2019,Bosnia and Herzegovina,BIH,Slovenia,SVN
64757,2019,France,FRA,Switzerland,CHE
61183,2019,Chile,CHL,Argentina,ARG
61267,2019,Germany,DEU,Australia,AUS
61900,2019,Burundi,BDI,China,CHN
65091,2019,Greece,GRC,United States of America,USA
64849,2019,Sudan,SDN,Syrian Arab Rep.,SYR
63765,2019,Gambia,GMB,Malta,MLT
64770,2019,Iran (Islamic Rep. of),IRN,Switzerland,CHE
63018,2019,Venezuela (Bolivarian Republic of),VEN,Iceland,ISL
64401,2019,Burundi,BDI,Rwanda,RWA
64073,2019,Nepal,NPL,New Zealand,NZL
63981,2019,Guinea-Bissau,GNB,Norway,NOR
61574,2019,Rwanda,RWA,Burkina Faso,BFA
62959,2019,Cuba,CUB,Hungary,HUN
62061,2019,Syrian Arab Rep.,SYR,Cyprus,CYP
61468,2019,Congo,COG,Belgium,BEL
61706,2019,India,IND,Bulgaria,BGR
62336,2019,Azerbaijan,AZE,France,FRA
62219,2019,Uzbekistan,UZB,Ecuador,ECU
64735,2019,Burkina Faso,BFA,Switzerland,CHE
63955,2019,Togo,TGO,Nigeria,NGA
63237,2019,Guatemala,GTM,Italy,ITA
64842,2019,Libya,LBY,Syrian Arab Rep.,SYR
64637,2019,Comoros,COM,Sweden,SWE
63947,2019,Cote d'Ivoire,CIV,Nigeria,NGA
64159,2019,Burundi,BDI,Philippines,PHL
64218,2019,Kazakhstan,KAZ,Poland,POL
62698,2019,Lao People's Dem. Rep.,LAO,Germany,DEU
64214,2019,Georgia,GEO,Poland,POL
61363,2019,Eritrea,ERI,Austria,AUT
64231,2019,Senegal,SEN,Poland,POL
63145,2019,Pakistan,PAK,Ireland,IRL
64477,2019,Congo,COG,Spain,ESP
65073,2019,Djibouti,DJI,United States of America,USA
61976,2019,Bolivia (Plurinational State of),BOL,Colombia,COL
62121,2019,Cameroon,CMR,Denmark,DNK
62268,2019,Bangladesh,BGD,Finland,FIN
64687,2019,Nigeria,NGA,Sweden,SWE
63148,2019,Rwanda,RWA,Ireland,IRL
61464,2019,Chad,TCD,Belgium,BEL
62498,2019,Belize,BLZ,United Kingdom of Great Britain and Northern Ireland,GBR
61908,2019,Viet Nam,VNM,China,CHN
64650,2019,Ghana,GHA,Sweden,SWE
62597,2019,Turkey,TUR,United Kingdom of Great Britain and Northern Ireland,GBR
64380,2019,Cote d'Ivoire,CIV,Russian Federation,RUS
64676,2019,North Macedonia,MKD,Sweden,SWE
62502,2019,China,CHN,United Kingdom of Great Britain and Northern Ireland,GBR
64969,2019,United Rep. of Tanzania,TZA,Uganda,UGA
62453,2019,Venezuela (Bolivarian Republic of),VEN,France,FRA
61382,2019,Liberia,LBR,Austria,AUT
61671,2019,South Africa,ZAF,Brazil,BRA
64392,2019,Syrian Arab Rep.,SYR,Russian Federation,RUS
61444,2019,United Rep. of Tanzania,TZA,Burundi,BDI
63378,2019,Tajikistan,TJK,Kyrgyzstan,KGZ
61860,2019,Uzbekistan,UZB,Canada,CAN
61130,2019,Guinea,GIN,Angola,AGO
62422,2019,Paraguay,PRY,France,FRA
62805,2019,Angola,AGO,Greece,GRC
64361,2019,Eswatini,SWZ,South Africa,ZAF
63785,2019,Sierra Leone,SLE,Malta,MLT
62988,2019,Yemen,YEM,Hungary,HUN
65249,2019,Burundi,BDI,Zimbabwe,ZWE
61251,2019,Belarus,BLR,Australia,AUS
61395,2019,Nepal,NPL,Austria,AUT
62691,2019,Japan,JPN,Germany,DEU
64318,2019,Syrian Arab Rep.,SYR,Romania,ROU
61191,2019,Palestinian,PSE,Argentina,ARG
63070,2019,Ethiopia,ETH,Indonesia,IDN
61716,2019,Syrian Arab Rep.,SYR,Bulgaria,BGR
64787,2019,Rep. of Moldova,MDA,Switzerland,CHE
65247,2019,Turkey,TUR,Zambia,ZMB
65018,2019,Guatemala,GTM,Uruguay,URY
63532,2019,Russian Federation,RUS,Luxembourg,LUX
64094,2019,Palestinian,PSE,Pakistan,PAK
65235,2019,Congo,COG,Zambia,ZMB
63553,2019,Kyrgyzstan,KGZ,Latvia,LVA
63725,2019,Cameroon,CMR,Morocco,MAR
61168,2019,Tunisia,TUN,Egypt,EGY
64195,2019,Somalia,SOM,Papua New Guinea,PNG
64669,2019,Dem. People's Rep. of Korea,PRK,Sweden,SWE
67716,2020,Burundi,BDI,Madagascar,MDG
66174,2020,Haiti,HTI,Costa Rica,CRI
67765,2020,Yemen,YEM,Rep. of Moldova,MDA
66051,2020,Cuba,CUB,Cayman Islands,CYM
66086,2020,Afghanistan,AFG,Chile,CHL
65543,2020,Israel,ISR,Austria,AUT
65971,2020,Saint Lucia,LCA,Canada,CAN
69220,2020,Peru,PER,Uruguay,URY
68907,2020,Venezuela (Bolivarian Republic of),VEN,Sweden,SWE
68761,2020,Romania,ROU,Slovakia,SVK
66513,2020,Bahrain,BHR,France,FRA
65765,2020,Cuba,CUB,Bolivia (Plurinational State of),BOL
67613,2020,Yemen,YEM,Lebanon,LBN
66705,2020,Cote d'Ivoire,CIV,United Kingdom of Great Britain and Northern Ireland,GBR
68413,2020,Central African Rep.,CAF,Portugal,PRT
66976,2020,Uganda,UGA,Ghana,GHA
68788,2020,Syrian Arab Rep.,SYR,Slovenia,SVN
66791,2020,Iran (Islamic Rep. of),IRN,Georgia,GEO
68080,2020,Central African Rep.,CAF,Niger,NER
67764,2020,Uzbekistan,UZB,Rep. of Moldova,MDA
68959,2020,Israel,ISR,Switzerland,CHE
66850,2020,Ghana,GHA,Germany,DEU
65478,2020,Peru,PER,Australia,AUS
66156,2020,Ethiopia,ETH,Colombia,COL
66033,2020,Venezuela (Bolivarian Republic of),VEN,Canada,CAN
65757,2020,Libya,LBY,Belarus,BLR
66568,2020,Kenya,KEN,France,FRA
65974,2020,Lithuania,LTU,Canada,CAN
66581,2020,North Macedonia,MKD,France,FRA
67892,2020,Eritrea,ERI,Morocco,MAR
68256,2020,Iraq,IRQ,Oman,OMN
67952,2020,Sudan,SDN,Malta,MLT
65382,2020,Paraguay,PRY,Argentina,ARG
68793,2020,Burundi,BDI,Eswatini,SWZ
68280,2020,Guatemala,GTM,Panama,PAN
65485,2020,Saudi Arabia,SAU,Australia,AUS
65343,2020,Angola,AGO,Argentina,ARG
66738,2020,Namibia,NAM,United Kingdom of Great Britain and Northern Ireland,GBR
68062,2020,Sudan,SDN,Netherlands,NLD
68572,2020,Stateless,XXA,Russian Federation,RUS
67272,2020,Eritrea,ERI,Indonesia,IDN
68421,2020,Gambia,GMB,Portugal,PRT
66874,2020,Dem. People's Rep. of Korea,PRK,Germany,DEU
68592,2020,Iraq,IRQ,Saudi Arabia,SAU
68117,2020,Cote d'Ivoire,CIV,Nigeria,NGA
66019,2020,United Rep. of Tanzania,TZA,Canada,CAN
66395,2020,Venezuela (Bolivarian Republic of),VEN,Ecuador,ECU
66742,2020,Nicaragua,NIC,United Kingdom of Great Britain and Northern Ireland,GBR
68702,2020,Sudan,SDN,Spain,ESP
65807,2020,Dominican Rep.,DOM,Brazil,BRA
66312,2020,Kyrgyzstan,KGZ,Denmark,DNK
67025,2020,Lebanon,LBN,Greece,GRC
66459,2020,Guatemala,GTM,Finland,FIN
65522,2020,Belarus,BLR,Austria,AUT
65361,2020,Ghana,GHA,Argentina,ARG
69361,2020,Singapore,SGP,United States of America,USA
67485,2020,Sri Lanka,LKA,Japan,JPN
65784,2020,Sudan,SDN,Botswana,BWA
69433,2020,Liberia,LBR,Zambia,ZMB
65801,2020,Chile,CHL,Brazil,BRA
69313,2020,Liberia,LBR,United States of America,USA
67865,2020,Sierra Leone,SLE,Malaysia,MYS
67087,2020,Cuba,CUB,Guyana,GUY
67388,2020,Belarus,BLR,Israel,ISR
68200,2020,Iraq,IRQ,Nauru,NRU
66940,2020,United Arab Emirates,ARE,Germany,DEU
69355,2020,Russian Federation,RUS,United States of America,USA
66757,2020,Seychelles,SYC,United Kingdom of Great Britain and Northern Ireland,GBR
67325,2020,Israel,ISR,Ireland,IRL
66457,2020,Georgia,GEO,Finland,FIN
65596,2020,Palestinian,PSE,Azerbaijan,AZE
69427,2020,Cameroon,CMR,Zambia,ZMB
66078,2020,Iraq,IRQ,China,CHN
65710,2020,Venezuela (Bolivarian Republic of),VEN,Belgium,BEL
67800,2020,Kyrgyzstan,KGZ,Mexico,MEX
68874,2020,Niger,NER,Sweden,SWE
69165,2020,Yemen,YEM,Uganda,UGA
66142,2020,Eritrea,ERI,Dem. Rep. of the Congo,COD
65530,2020,Eritrea,ERI,Austria,AUT
68491,2020,Angola,AGO,South Africa,ZAF
68586,2020,Nicaragua,NIC,El Salvador,SLV
69293,2020,Honduras,HND,United States of America,USA
69309,2020,Rep. of Korea,KOR,United States of America,USA
67178,2020,Yemen,YEM,Hungary,HUN
68278,2020,Cuba,CUB,Panama,PAN
71557,2021,Kazakhstan,KAZ,Ireland,IRL
73315,2021,Sierra Leone,SLE,Switzerland,CHE
71933,2021,Afghanistan,AFG,Luxembourg,LUX
71016,2021,Lebanon,LBN,Georgia,GEO
71735,2021,Pakistan,PAK,Jordan,JOR
69464,2021,Uzbekistan,UZB,Albania,ALB
70055,2021,Turkey,TUR,Brazil,BRA
70370,2021,Bolivia (Plurinational State of),BOL,Colombia,COL
71247,2021,Libya,LBY,Greece,GRC
73456,2021,Ethiopia,ETH,United Arab Emirates,ARE
71315,2021,Central African Rep.,CAF,"China, Hong Kong SAR",HKG
71296,2021,Congo,COG,Guinea,GIN
72193,2021,Iraq,IRQ,Morocco,MAR
72191,2021,Guinea,GIN,Morocco,MAR
72133,2021,Central African Rep.,CAF,Malaysia,MYS
71823,2021,Nigeria,NGA,Rep. of Korea,KOR
72938,2021,Bangladesh,BGD,Somalia,SOM
71439,2021,Tajikistan,TJK,Iceland,ISL
72299,2021,Burundi,BDI,Netherlands,NLD
71218,2021,Chad,TCD,Greece,GRC
72425,2021,Syrian Arab Rep.,SYR,Nigeria,NGA
72082,2021,Cote d'Ivoire,CIV,Mexico,MEX
73488,2021,United Rep. of Tanzania,TZA,Uganda,UGA
72646,2021,Somalia,SOM,Philippines,PHL
69495,2021,Liberia,LBR,Angola,AGO
73326,2021,Tunisia,TUN,Switzerland,CHE
71982,2021,Iraq,IRQ,Latvia,LVA
69879,2021,Nicaragua,NIC,Belgium,BEL
70597,2021,Nicaragua,NIC,Ecuador,ECU
70506,2021,Afghanistan,AFG,Denmark,DNK
70115,2021,Burkina Faso,BFA,Canada,CAN
69869,2021,Lithuania,LTU,Belgium,BEL
71464,2021,Nigeria,NGA,Cote d'Ivoire,CIV
73122,2021,Zimbabwe,ZWE,Eswatini,SWZ
69925,2021,Somalia,SOM,Bangladesh,BGD
73244,2021,Central African Rep.,CAF,Switzerland,CHE
69953,2021,Tajikistan,TJK,Belarus,BLR
73201,2021,Rwanda,RWA,Sweden,SWE
73350,2021,Sierra Leone,SLE,Syrian Arab Rep.,SYR
72033,2021,Iraq,IRQ,Monaco,MCO
71821,2021,Myanmar,MMR,Rep. of Korea,KOR
73069,2021,Burundi,BDI,Slovakia,SVK
72612,2021,Haiti,HTI,Peru,PER
72960,2021,Central African Rep.,CAF,Spain,ESP
71017,2021,Pakistan,PAK,Georgia,GEO
71534,2021,Botswana,BWA,Ireland,IRL
70783,2021,Iraq,IRQ,France,FRA
73705,2021,Trinidad and Tobago,TTO,United States of America,USA
71675,2021,Cote d'Ivoire,CIV,Italy,ITA
73131,2021,Burundi,BDI,Sweden,SWE
72323,2021,Cote d'Ivoire,CIV,Netherlands,NLD
71826,2021,Somalia,SOM,Rep. of Korea,KOR
70902,2021,Dem. Rep. of the Congo,COD,United Kingdom of Great Britain and Northern Ireland,GBR
69771,2021,Somalia,SOM,Austria,AUT
72260,2021,Bosnia and Herzegovina,BIH,Montenegro,MNE
70343,2021,Central African Rep.,CAF,Congo,COG
71135,2021,Russian Federation,RUS,Germany,DEU
73079,2021,Iraq,IRQ,Slovakia,SVK
73002,2021,Morocco,MAR,Spain,ESP
72580,2021,Croatia,HRV,Panama,PAN
71001,2021,Uzbekistan,UZB,United Kingdom of Great Britain and Northern Ireland,GBR
69653,2021,Rep. of Korea,KOR,Australia,AUS
73503,2021,Palestinian,PSE,Ukraine,UKR
69488,2021,Chad,TCD,Angola,AGO
69834,2021,Colombia,COL,Belgium,BEL
70453,2021,Serbia and Kosovo: S/RES/1244 (1999),SRB,Cyprus,CYP
69476,2021,Iraq,IRQ,Algeria,DZA
72914,2021,Croatia,HRV,Serbia and Kosovo: S/RES/1244 (1999),SRB
69614,2021,Azerbaijan,AZE,Australia,AUS
69662,2021,Mexico,MEX,Australia,AUS
72741,2021,Sudan,SDN,Portugal,PRT
73660,2021,Mauritius,MUS,United States of America,USA
70949,2021,North Macedonia,MKD,United Kingdom of Great Britain and Northern Ireland,GBR
72870,2021,Philippines,PHL,Russian Federation,RUS
69693,2021,Tonga,TON,Australia,AUS
70878,2021,Angola,AGO,United Kingdom of Great Britain and Northern Ireland,GBR
70789,2021,Kyrgyzstan,KGZ,France,FRA
72834,2021,Syrian Arab Rep.,SYR,South Africa,ZAF
73604,2021,Gambia,GMB,United States of America,USA
72240,2021,Morocco,MAR,Malta,MLT
70888,2021,Bangladesh,BGD,United Kingdom of Great Britain and Northern Ireland,GBR
70384,2021,Somalia,SOM,Colombia,COL
71782,2021,Somalia,SOM,Kenya,KEN
71808,2021,Ghana,GHA,Rep. of Korea,KOR
70151,2021,Georgia,GEO,Canada,CAN
